horizon_name,trading_day_ahead,forecast_date,expected_price,lower_price,upper_price,expected_return_pct,std_log_return
d0001,1,2020-01-01,157.33376,156.49335,158.17865,-0.23224354,0.002732565
d0002,2,2020-01-02,157.71556,156.7737,158.66309,0.009870529,0.0030560517
d0003,3,2020-01-03,158.0727,157.54855,158.59857,0.23633242,0.0016945495
d0004,4,2020-01-06,158.07414,157.32437,158.8275,0.23725033,0.0024257863
d0005,5,2020-01-07,158.20847,157.62708,158.79199,0.32242537,0.0018783474
d0006,6,2020-01-08,158.12578,157.37085,158.88434,0.26999712,0.0024416647
d0007,7,2020-01-09,158.59747,158.05107,159.14575,0.56910515,0.0017607528
d0008,8,2020-01-10,158.59358,157.7347,159.45715,0.5666375,0.0027706083
d0009,9,2020-01-13,159.64809,158.87106,160.42894,1.2353182,0.0024893314
d0010,10,2020-01-14,158.69678,157.85109,159.54701,0.6320715,0.0027261805
d0011,11,2020-01-15,158.49173,157.23257,159.76093,0.5020499,0.0040695043
d0012,12,2020-01-16,159.6859,158.76569,160.61148,1.2592912,0.0029486748
d0013,13,2020-01-17,159.1635,158.0582,160.27652,0.9280324,0.0035553882
d0014,14,2020-01-20,159.5894,158.99399,160.18706,1.198101,0.0019070982
d0015,15,2020-01-21,159.99554,158.94742,161.05058,1.4556408,0.0033532921
d0016,16,2020-01-22,158.73393,157.65797,159.81723,0.6556392,0.0034701258
d0017,17,2020-01-23,160.38783,159.40735,161.37436,1.7043948,0.0031285675
d0018,18,2020-01-24,159.21964,158.27892,160.16595,0.9636283,0.0030233946
d0019,19,2020-01-27,161.31668,160.325,162.3145,2.293396,0.0031461234
d0020,20,2020-01-28,160.39513,159.51479,161.28032,1.7090201,0.0028079834
d0021,21,2020-01-29,159.69688,158.62552,160.77545,1.266253,0.003434244
d0022,22,2020-01-30,159.57384,158.23888,160.92,1.1882305,0.0042860964
d0023,23,2020-01-31,161.17961,160.32367,162.04016,2.2064805,0.0027167066
d0024,24,2020-02-03,159.9603,159.07683,160.8487,1.433289,0.0028257258
d0025,25,2020-02-04,161.67342,160.52216,162.83295,2.5196075,0.0036461512
d0026,26,2020-02-05,158.49374,156.91733,160.08597,0.50332546,0.005099957
d0027,27,2020-02-06,160.65079,159.29851,162.01456,1.8711448,0.0043128617
d0028,28,2020-02-07,160.51306,159.20952,161.82732,1.783812,0.0041603893
d0029,29,2020-02-10,161.46179,160.21732,162.71596,2.3854136,0.003947687
d0030,30,2020-02-11,160.88264,159.76714,162.00597,2.0181656,0.0035499681
d0031,31,2020-02-12,160.18167,158.8133,161.56184,1.5736699,0.0043772417
d0032,32,2020-02-13,162.6933,161.52655,163.8685,3.1663299,0.0036720978
d0033,33,2020-02-14,160.19496,158.87357,161.52739,1.582098,0.0042260387
d0034,34,2020-02-17,160.80164,159.54903,162.0641,1.9667983,0.0039899684
d0035,35,2020-02-18,161.62286,160.31548,162.94096,2.4875522,0.0041439943
d0036,36,2020-02-19,160.84029,159.1872,162.51057,1.9913077,0.0052709654
d0037,37,2020-02-20,160.63113,159.18059,162.0949,1.8586755,0.004628215
d0038,38,2020-02-21,161.6943,160.36348,163.03618,2.5328517,0.0042166105
d0039,39,2020-02-24,161.96259,160.55252,163.38503,2.7029753,0.004461305
d0040,40,2020-02-25,162.3519,161.17632,163.53604,2.9498458,0.0037077675
d0041,41,2020-02-26,163.57286,162.47285,164.68033,3.7240744,0.0034426625
d0042,42,2020-02-27,162.1621,160.99931,163.33322,2.8294802,0.0036714778
d0043,43,2020-02-28,161.73718,160.09262,163.3986,2.5600433,0.005214296
d0044,44,2020-03-02,160.30449,158.38342,162.24883,1.6515493,0.00615111
d0045,45,2020-03-03,161.83018,160.22726,163.44914,2.6190162,0.005078736
d0046,46,2020-03-04,162.02902,160.50848,163.56401,2.7451038,0.004810632
d0047,47,2020-03-05,160.46141,158.54016,162.40593,1.7510533,0.006145701
d0048,48,2020-03-06,163.21169,161.54913,164.89137,3.4950495,0.005223878
d0049,49,2020-03-09,161.78395,159.87076,163.72008,2.5897026,0.006069481
d0050,50,2020-03-10,163.48067,162.02577,164.9486,3.6656141,0.004560821
d0051,51,2020-03-11,163.01074,161.15906,164.8837,3.3676267,0.0058287038
d0052,52,2020-03-12,163.39241,162.13678,164.65775,3.6096454,0.0039359145
d0053,53,2020-03-13,162.036,160.20012,163.89294,2.7495265,0.005813685
d0054,54,2020-03-16,163.84216,162.40392,165.29315,3.8948417,0.0044984524
d0055,55,2020-03-17,162.3598,160.73647,163.9995,2.9548526,0.005126841
d0056,56,2020-03-18,162.20557,160.58215,163.84538,2.8570533,0.005131993
d0057,57,2020-03-19,163.75658,162.03554,165.49588,3.8405657,0.005390476
d0058,58,2020-03-20,163.42989,161.67328,165.20558,3.6334157,0.0055135484
d0059,59,2020-03-23,165.0295,163.12004,166.96132,4.6477437,0.0059377095
d0060,60,2020-03-24,163.18872,161.41023,164.98682,3.480482,0.0055909017
d0061,61,2020-03-25,164.86102,162.87378,166.87257,4.5409203,0.006187518
d0062,62,2020-03-26,163.74147,161.97804,165.52408,3.8309932,0.0055244155
d0063,63,2020-03-27,164.76918,163.23839,166.31435,4.4826746,0.004762267
d0064,64,2020-03-30,162.35788,159.99011,164.76071,2.9536366,0.0074954284
d0065,65,2020-03-31,164.31938,162.35349,166.30911,4.1974545,0.0061409036
d0066,66,2020-04-01,165.75978,163.73686,167.80771,5.110836,0.006264798
d0067,67,2020-04-02,162.69865,160.30954,165.12341,3.1697273,0.007547566
d0068,68,2020-04-03,166.16873,164.768,167.58134,5.370152,0.0043189703
d0069,69,2020-04-06,165.37798,163.28314,167.49966,4.868722,0.0065039964
d0070,70,2020-04-07,166.67656,165.12599,168.24171,5.692172,0.004768611
d0071,71,2020-04-08,165.60121,163.82259,167.39914,5.010283,0.005509444
d0072,72,2020-04-09,164.60776,162.5212,166.72115,4.3803215,0.006508747
d0073,73,2020-04-10,162.98888,160.63684,165.37535,3.3537626,0.00741622
d0074,74,2020-04-13,166.3657,164.84988,167.89546,5.4950595,0.004669992
d0075,75,2020-04-14,165.47505,163.36555,167.61176,4.9302816,0.006545879
d0076,76,2020-04-15,165.65805,163.5657,167.77716,5.04632,0.0064852177
d0077,77,2020-04-16,165.57478,163.61935,167.55362,4.993522,0.006061392
d0078,78,2020-04-17,163.3569,160.5805,166.18129,3.5871267,0.008745872
d0079,79,2020-04-20,165.22444,163.0603,167.41728,4.7713637,0.006726868
d0080,80,2020-04-21,163.94614,161.41376,166.51826,3.9607763,0.007942347
d0081,81,2020-04-22,166.23602,163.99243,168.51033,5.412829,0.0069328696
d0082,82,2020-04-23,165.09491,162.5565,167.67299,4.6892285,0.007905595
d0083,83,2020-04-24,164.23112,161.40062,167.11124,4.1414857,0.00886988
d0084,84,2020-04-27,163.8042,160.93668,166.72284,3.8707733,0.009010668
d0085,85,2020-04-28,165.19563,162.53142,167.90355,4.753101,0.008295515
d0086,86,2020-04-29,165.06354,162.67993,167.48203,4.6693325,0.007421276
d0087,87,2020-04-30,166.14284,163.57202,168.75406,5.353737,0.007956407
d0088,88,2020-05-01,165.5836,162.76224,168.45386,4.999113,0.008768185
d0089,89,2020-05-04,167.20235,164.77179,169.66876,6.0255885,0.007471066
d0090,90,2020-05-05,166.93745,164.58835,169.32011,5.8576107,0.007230534
d0091,91,2020-05-06,166.05443,163.53487,168.61282,5.2976727,0.0078007327
d0092,92,2020-05-07,165.3037,162.58592,168.0669,4.8216224,0.008458039
d0093,93,2020-05-08,166.14253,163.49489,168.83308,5.353546,0.008196116
d0094,94,2020-05-11,166.44656,163.67981,169.26004,5.5463314,0.008552094
d0095,95,2020-05-12,164.84932,162.01944,167.72859,4.5334935,0.008834389
d0096,96,2020-05-13,166.8048,164.31357,169.3338,5.7734966,0.007677361
d0097,97,2020-05-14,168.85864,166.48416,171.26697,7.07587,0.0072253807
d0098,98,2020-05-15,167.75525,164.82675,170.7358,6.376195,0.00898533
d0099,99,2020-05-18,165.35036,161.87743,168.89783,4.85121,0.010830238
d0100,100,2020-05-19,169.14433,166.88297,171.43633,7.2570324,0.006867135
d0101,101,2020-05-20,167.74101,164.76064,170.77531,6.367159,0.009146679
d0102,102,2020-05-21,169.64616,167.37686,171.9462,7.5752497,0.0068708505
d0103,103,2020-05-22,168.37186,165.99538,170.78236,6.7671895,0.0072525786
d0104,104,2020-05-25,168.90912,166.33159,171.52658,7.1078777,0.007845655
d0105,105,2020-05-26,167.92413,165.25809,170.63316,6.4832807,0.008165209
d0106,106,2020-05-27,168.5651,166.02972,171.13919,6.8897247,0.0077322326
d0107,107,2020-05-28,168.50075,165.5941,171.45837,6.8489194,0.008877783
d0108,108,2020-05-29,167.63945,164.9017,170.42264,6.302762,0.008400987
d0109,109,2020-06-01,166.97711,163.79974,170.21613,5.882764,0.009802135
d0110,110,2020-06-02,167.56815,164.60045,170.58937,6.257546,0.009116874
d0111,111,2020-06-03,168.5864,165.73026,171.49174,6.903231,0.008717769
d0112,112,2020-06-04,167.54236,164.17961,170.97401,6.2411904,0.010344569
d0113,113,2020-06-05,168.04446,164.9172,171.23103,6.5595865,0.009584255
d0114,114,2020-06-08,168.31737,165.31494,171.37433,6.7326427,0.009183124
d0115,115,2020-06-09,169.80934,167.29396,172.36256,7.6787233,0.00761423
d0116,116,2020-06-10,169.67645,166.62386,172.78497,7.5944543,0.009262468
d0117,117,2020-06-11,170.09657,167.25162,172.98988,7.860863,0.008605545
d0118,118,2020-06-12,169.89807,166.91634,172.93307,7.73499,0.009033632
d0119,119,2020-06-15,168.65747,165.32706,172.05496,6.948304,0.010175578
d0120,120,2020-06-16,171.37935,168.93442,173.85965,8.674288,0.0073310733
d0121,121,2020-06-17,171.17842,168.23747,174.17073,8.546877,0.008841692
d0122,122,2020-06-18,168.7684,165.48938,172.11237,7.0186496,0.010010365
d0123,123,2020-06-19,170.45772,167.6201,173.34335,8.089865,0.008564823
d0124,124,2020-06-22,169.49673,166.44797,172.60138,7.48049,0.009260702
d0125,125,2020-06-23,171.4128,168.54652,174.32782,8.695496,0.008603507
d0126,126,2020-06-24,170.15244,166.71208,173.66374,7.8962803,0.010421579
d0127,127,2020-06-25,168.79282,165.07521,172.59415,7.034123,0.011362649
d0128,128,2020-06-26,170.29958,166.97173,173.69376,7.9895854,0.010068685
d0129,129,2020-06-29,171.59023,168.64398,174.58794,8.808004,0.008836399
d0130,130,2020-06-30,171.04362,167.93198,174.21295,8.461404,0.009367213
d0131,131,2020-07-01,170.42726,167.07474,173.84705,8.070553,0.01013636
d0132,132,2020-07-02,170.3674,167.22322,173.57071,8.032597,0.009503943
d0133,133,2020-07-03,169.92148,166.32675,173.59392,7.7498317,0.010909321
d0134,134,2020-07-06,171.24496,167.87628,174.68127,8.589077,0.010136668
d0135,135,2020-07-07,170.61426,167.22289,174.07439,8.18913,0.010243635
d0136,136,2020-07-08,169.59,165.69582,173.57574,7.53963,0.011852178
d0137,137,2020-07-09,171.23982,168.03728,174.5034,8.585811,0.009632228
d0138,138,2020-07-10,169.34016,165.1896,173.595,7.3812127,0.012661003
d0139,139,2020-07-13,172.26,168.62204,175.97647,9.232723,0.010890447
d0140,140,2020-07-14,171.42068,167.84547,175.07208,8.700502,0.010753563
d0141,141,2020-07-15,172.0528,168.76674,175.40285,9.101332,0.009838732
d0142,142,2020-07-16,171.53043,168.06769,175.06448,8.770084,0.0104050115
d0143,143,2020-07-17,172.60988,169.28206,176.00308,9.454584,0.009932458
d0144,144,2020-07-20,171.50934,167.81015,175.29007,8.7567215,0.011124685
d0145,145,2020-07-21,170.62521,166.69691,174.64609,8.196079,0.0118837645
d0146,146,2020-07-22,172.91525,169.51326,176.38551,9.648228,0.010137995
d0147,147,2020-07-23,172.07954,168.64305,175.58607,9.118295,0.010292091
d0148,148,2020-07-24,172.795,169.23965,176.42502,9.57197,0.01060721
d0149,149,2020-07-27,173.33972,169.80188,176.95131,9.917391,0.010520994
d0150,150,2020-07-28,172.93227,169.42052,176.51678,9.659016,0.0104673905
d0151,151,2020-07-29,173.71309,170.30913,177.18507,10.154152,0.010096826
d0152,152,2020-07-30,174.82922,171.52078,178.20148,10.86191,0.009747589
d0153,153,2020-07-31,175.10489,171.83826,178.43362,11.036706,0.009607911
d0154,154,2020-08-03,174.43121,171.07814,177.84999,10.60952,0.009903077
d0155,155,2020-08-04,173.4861,169.61835,177.44205,10.010206,0.01150336
d0156,156,2020-08-05,173.18051,169.3818,177.0644,9.816432,0.0113158515
d0157,157,2020-08-06,173.00659,169.21388,176.88431,9.706152,0.011309278
d0158,158,2020-08-07,172.68477,168.3913,177.08772,9.502077,0.012845605
d0159,159,2020-08-10,174.37315,170.8078,178.01292,10.572708,0.010540134
d0160,160,2020-08-11,174.61595,170.94249,178.36833,10.726666,0.010847827
d0161,161,2020-08-12,175.96303,172.12805,179.88348,11.580873,0.011242479
d0162,162,2020-08-13,173.6272,169.34154,178.02135,10.099686,0.0127515085
d0163,163,2020-08-14,175.23636,171.54793,179.00412,11.120081,0.010853616
d0164,164,2020-08-17,172.8535,168.4275,177.3958,9.609068,0.013234187
d0165,165,2020-08-18,175.03206,170.65115,179.52542,10.990524,0.012932501
d0166,166,2020-08-19,176.98732,173.39647,180.65254,12.230385,0.010457841
d0167,167,2020-08-20,173.93854,169.94318,178.02782,10.297108,0.011856053
d0168,168,2020-08-21,174.7517,170.7124,178.88655,10.812748,0.011931507
d0169,169,2020-08-24,176.28143,172.36212,180.28992,11.782778,0.011471587
d0170,170,2020-08-25,176.03896,172.3463,179.81076,11.629021,0.010816129
d0171,171,2020-08-26,175.76053,171.80978,179.80215,11.45246,0.011599289
d0172,172,2020-08-27,173.35298,168.60666,178.2329,9.925795,0.014163928
d0173,173,2020-08-28,173.45204,168.80519,178.2268,9.988618,0.013855002
d0174,174,2020-08-31,174.7984,170.60243,179.09753,10.84236,0.012396585
d0175,175,2020-09-01,176.13629,172.0546,180.3148,11.690736,0.011962363
d0176,176,2020-09-02,174.80415,170.21623,179.51567,10.846006,0.013569621
d0177,177,2020-09-03,176.08209,171.36873,180.92505,11.656368,0.013843211
d0178,178,2020-09-04,174.8135,170.19057,179.56203,10.851944,0.013673953
d0179,179,2020-09-07,174.53435,170.01866,179.16998,10.674917,0.01337417
d0180,180,2020-09-08,173.92491,168.95285,179.04324,10.2884655,0.014797875
d0181,181,2020-09-09,175.71817,171.11029,180.45016,11.425602,0.013557728
d0182,182,2020-09-10,175.70432,171.20589,180.32095,11.416817,0.013232529
d0183,183,2020-09-11,174.35393,169.46753,179.38121,10.560513,0.014503024
d0184,184,2020-09-14,178.03534,174.14275,182.01491,12.894953,0.01127885
d0185,185,2020-09-15,176.41527,171.881,181.06917,11.867642,0.013284888
d0186,186,2020-09-16,176.09335,171.20654,181.11963,11.663508,0.014358925
d0187,187,2020-09-17,176.26178,171.51622,181.1386,11.770308,0.013924631
d0188,188,2020-09-18,175.93192,171.15945,180.83745,11.561144,0.014031369
d0189,189,2020-09-21,174.76575,169.47813,180.2183,10.821652,0.015674721
d0190,190,2020-09-22,174.25479,168.82994,179.85396,10.497654,0.016136011
d0191,191,2020-09-23,177.50134,172.9063,182.21848,12.556338,0.013381753
d0192,192,2020-09-24,176.65549,171.76135,181.68907,12.019968,0.01433438
d0193,193,2020-09-25,177.05826,172.44232,181.79776,12.275373,0.013477557
d0194,194,2020-09-28,176.89496,171.97476,181.95592,12.171817,0.014391972
d0195,195,2020-09-29,177.32469,172.38208,182.409,12.444317,0.0144229205
d0196,196,2020-09-30,175.58035,170.32281,181.0002,11.33821,0.015510865
d0197,197,2020-10-01,177.82202,172.89754,182.88678,12.7596855,0.014328612
d0198,198,2020-10-02,177.84412,173.07579,182.74377,12.773693,0.013866153
d0199,199,2020-10-05,176.72687,171.32864,182.29517,12.065231,0.015827429
d0200,200,2020-10-06,177.21472,171.8109,182.7885,12.374592,0.015799833
d0201,201,2020-10-07,177.81853,172.64967,183.14215,12.757468,0.015050555
d0202,202,2020-10-08,176.30263,170.43678,182.37035,11.796212,0.017264018
d0203,203,2020-10-09,179.27722,174.27277,184.42537,13.682449,0.014444691
d0204,204,2020-10-12,178.49315,172.98892,184.1725,13.185263,0.015980912
d0205,205,2020-10-13,178.48721,173.2375,183.89604,13.181496,0.015231393
d0206,206,2020-10-14,179.60747,174.79883,184.54837,13.891864,0.013845872
d0207,207,2020-10-15,177.10951,171.49117,182.9119,12.307871,0.01644716
d0208,208,2020-10-16,180.38675,175.30879,185.6118,14.386023,0.014568477
d0209,209,2020-10-19,176.503,170.44917,182.77184,11.923277,0.017806508
d0210,210,2020-10-20,178.6348,173.167,184.27516,13.275075,0.015860587
d0211,211,2020-10-21,179.28665,173.98448,184.75041,13.688433,0.015316258
d0212,212,2020-10-22,177.56454,171.78513,183.5384,12.596416,0.01688252
d0213,213,2020-10-23,179.4712,174.13448,184.9715,13.805461,0.015401455
d0214,214,2020-10-26,179.15205,173.59706,184.88481,13.603079,0.016070418
d0215,215,2020-10-27,180.42418,175.23064,185.77167,14.409757,0.01490184
d0216,216,2020-10-28,178.57462,172.97984,184.35036,13.236916,0.01624056
d0217,217,2020-10-29,181.54636,176.4005,186.84236,15.121341,0.014670485
d0218,218,2020-10-30,180.7447,175.47945,186.16797,14.6130085,0.015083547
d0219,219,2020-11-02,179.47896,173.7668,185.3789,13.810372,0.016501956
d0220,220,2020-11-03,180.01582,174.28105,185.93929,14.15081,0.016518079
d0221,221,2020-11-04,179.37881,173.41403,185.54872,13.74687,0.017253922
d0222,222,2020-11-05,178.37964,172.48308,184.4778,13.113284,0.017150499
d0223,223,2020-11-06,179.4897,173.70197,185.47029,13.817191,0.016722878
d0224,224,2020-11-09,181.50359,176.16745,187.00136,15.094221,0.0152247315
d0225,225,2020-11-10,178.71788,172.55554,185.1003,13.327765,0.017902704
d0226,226,2020-11-11,181.48772,175.88959,187.26402,15.08416,0.015985463
d0227,227,2020-11-12,181.96382,176.49838,187.59854,15.386068,0.015559339
d0228,228,2020-11-13,181.28697,175.45946,187.30804,14.956867,0.016670052
d0229,229,2020-11-16,179.04465,172.73216,185.58783,13.534975,0.018312752
d0230,230,2020-11-17,182.2887,176.90536,187.83585,15.592074,0.0152942585
d0231,231,2020-11-18,181.77412,175.72292,188.03372,15.265775,0.017273718
d0232,232,2020-11-19,182.94699,176.93344,189.16492,16.00951,0.01705247
d0233,233,2020-11-20,178.98859,172.4217,185.80556,13.499427,0.019070756
d0234,234,2020-11-23,180.81342,174.49562,187.35999,14.65658,0.01814599
d0235,235,2020-11-24,181.09859,174.83534,187.58621,14.837408,0.017957652
d0236,236,2020-11-25,182.31113,176.39882,188.42162,15.606297,0.01682005
d0237,237,2020-11-26,181.63977,174.9841,188.54852,15.180576,0.019046018
d0238,238,2020-11-27,182.39583,176.40277,188.59248,15.660011,0.017045563
d0239,239,2020-11-30,181.23969,174.99484,187.70734,14.926874,0.017889643
d0240,240,2020-12-01,182.29218,176.072,188.73207,15.59428,0.0177131
d0241,241,2020-12-02,181.20181,174.54727,188.11003,14.902866,0.019089637
d0242,242,2020-12-03,182.60562,176.16127,189.28566,15.793037,0.018330982
d0243,243,2020-12-04,180.41444,173.45164,187.65677,14.403582,0.020080527
d0244,244,2020-12-07,181.92542,175.57265,188.50806,15.361714,0.018134627
d0245,245,2020-12-08,180.66328,173.6105,188.00261,14.5613785,0.02031668
d0246,246,2020-12-09,181.49539,174.82304,188.42236,15.089024,0.019110132
d0247,247,2020-12-10,183.68408,177.4685,190.11736,16.476906,0.017563365
d0248,248,2020-12-11,182.46458,175.73022,189.457,15.703607,0.019186756
d0249,249,2020-12-14,181.38043,174.47614,188.55795,15.016127,0.01980037
d0250,250,2020-12-15,183.31677,176.68904,190.19313,16.243994,0.018787883
d0251,251,2020-12-16,183.40167,176.79906,190.25084,16.297829,0.018706543
d0252,252,2020-12-17,181.94287,174.93858,189.22758,15.372777,0.020029437
d0253,253,2020-12-18,182.87563,176.26537,189.73378,15.964258,0.018783536
d0254,254,2020-12-21,184.22954,177.7554,190.93948,16.822792,0.018252064
d0255,255,2020-12-22,184.66428,178.0498,191.52446,17.098463,0.018610239
d0256,256,2020-12-23,184.56802,177.58052,191.83046,17.037428,0.01969074
d0257,257,2020-12-24,183.4178,176.53436,190.56967,16.308058,0.019515917
d0258,258,2020-12-25,184.18336,177.29414,191.34032,16.793514,0.019449858
d0259,259,2020-12-28,183.62364,176.80792,190.70209,16.43858,0.01929807
d0260,260,2020-12-29,183.55595,176.62035,190.76392,16.395664,0.01965156
d0261,261,2020-12-30,184.1205,176.95633,191.57469,16.75365,0.020248648
d0262,262,2020-12-31,184.7224,177.69853,192.02391,17.135323,0.019778444
d0263,263,2021-01-01,184.12167,177.19087,191.32356,16.754389,0.019576147
d0264,264,2021-01-04,184.19989,176.94301,191.7544,16.803991,0.020507082
d0265,265,2021-01-05,184.32011,177.24104,191.68192,16.880226,0.019981295
d0266,266,2021-01-06,186.29883,179.52637,193.3268,18.134964,0.018892858
d0267,267,2021-01-07,183.35872,175.98062,191.04613,16.27059,0.020954335
d0268,268,2021-01-08,185.8121,178.76216,193.1401,17.826319,0.019734645
d0269,269,2021-01-11,183.83485,176.30667,191.68446,16.572512,0.021333098
d0270,270,2021-01-12,185.5539,178.41386,192.97963,17.662584,0.020020079
d0271,271,2021-01-13,185.60545,178.41925,193.0811,17.695284,0.020146463
d0272,272,2021-01-14,186.57841,179.62521,193.8008,18.312252,0.01937709
d0273,273,2021-01-15,186.87202,179.94974,194.0606,18.498432,0.019258387
d0274,274,2021-01-18,184.17159,176.58519,192.08391,16.78604,0.021461442
d0275,275,2021-01-19,184.68074,176.96371,192.73425,17.108906,0.021777423
d0276,276,2021-01-20,185.76501,178.12039,193.73772,17.796457,0.021440217
d0277,277,2021-01-21,185.69012,178.03824,193.67093,17.748976,0.021469928
d0278,278,2021-01-22,187.4436,180.15662,195.02534,18.860876,0.02023035
d0279,279,2021-01-25,184.90549,177.11577,193.03778,17.25142,0.021959785
d0280,280,2021-01-26,186.75792,179.21066,194.62302,18.426073,0.021046512
d0281,281,2021-01-27,184.96635,176.91403,193.3852,17.29002,0.022709204
d0282,282,2021-01-28,186.23578,178.41783,194.39633,18.09498,0.021880351
d0283,283,2021-01-29,187.53525,180.01389,195.37085,18.918991,0.020884067
d0284,284,2021-02-01,188.50693,181.1529,196.15947,19.535149,0.020302655
d0285,285,2021-02-02,186.87097,179.28653,194.77626,18.497765,0.021139402
d0286,286,2021-02-03,186.69334,178.72842,195.01321,18.385124,0.022244858
d0287,287,2021-02-04,185.64725,177.37286,194.30763,17.721785,0.02326239
d0288,288,2021-02-05,189.85747,182.94847,197.02736,20.391548,0.018912774
d0289,289,2021-02-08,188.05241,180.43317,195.9934,19.246937,0.021102194
d0290,290,2021-02-09,186.01642,177.7401,194.67815,17.955875,0.023220776
d0291,291,2021-02-10,187.41786,179.34326,195.85602,18.844557,0.022468938
d0292,292,2021-02-11,188.37036,180.5995,196.47563,19.448555,0.021494003
d0293,293,2021-02-12,190.04318,182.19821,198.22594,20.509315,0.021508267
d0294,294,2021-02-15,188.35023,180.40817,196.64195,19.435787,0.021980269
d0295,295,2021-02-16,189.01639,181.11136,197.26646,19.858206,0.021796763
d0296,296,2021-02-17,188.18472,180.141,196.58763,19.330835,0.022287862
d0297,297,2021-02-18,190.70041,183.21396,198.49275,20.926071,0.020433169
d0298,298,2021-02-19,189.64507,182.12051,197.48051,20.256865,0.02065593
d0299,299,2021-02-22,189.77184,181.96933,197.90889,20.337248,0.021420546
d0300,300,2021-02-23,190.08215,182.16771,198.34048,20.534027,0.021698333
d0301,301,2021-02-24,189.78549,181.66531,198.26862,20.345901,0.022310376
d0302,302,2021-02-25,189.19061,181.01234,197.73843,19.968689,0.022545882
d0303,303,2021-02-26,190.26808,181.92523,198.99348,20.651924,0.022876564
d0304,304,2021-03-01,188.90547,180.45644,197.75008,19.787872,0.02334557
d0305,305,2021-03-02,189.71498,181.3195,198.49919,20.301199,0.023092952
d0306,306,2021-03-03,189.68013,181.55194,198.17226,20.279099,0.022345623
d0307,307,2021-03-04,191.33473,183.4893,199.51561,21.328306,0.021361241
d0308,308,2021-03-05,190.18958,182.042,198.70178,20.602142,0.022338679
d0309,309,2021-03-08,188.79503,180.1128,197.89578,19.717836,0.02401972
d0310,310,2021-03-09,190.88843,182.75122,199.38797,21.045292,0.022226201
d0311,311,2021-03-10,191.37015,183.05109,200.0673,21.350765,0.022675684
d0312,312,2021-03-11,188.74585,180.06146,197.84904,19.686651,0.024032166
d0313,313,2021-03-12,189.92,181.18794,199.07289,20.431196,0.024014328
d0314,314,2021-03-15,188.85327,179.78564,198.37817,19.754768,0.02510459
d0315,315,2021-03-16,190.9413,182.64261,199.61705,21.078825,0.022670776
d0316,316,2021-03-17,191.7616,183.64198,200.24023,21.598984,0.022073878
d0317,317,2021-03-18,189.5278,180.49596,199.01158,20.182503,0.024911871
d0318,318,2021-03-19,192.67381,184.39375,201.32567,22.177433,0.022410825
d0319,319,2021-03-22,191.99821,183.60692,200.773,21.749031,0.022800457
d0320,320,2021-03-23,191.44412,182.71707,200.58803,21.397675,0.023804678
d0321,321,2021-03-24,190.97151,182.2779,200.07977,21.097982,0.023771357
d0322,322,2021-03-25,190.62207,181.39883,200.31429,20.876396,0.025303433
d0323,323,2021-03-26,193.18271,184.49852,202.27568,22.500134,0.023466865
d0324,324,2021-03-29,190.59972,181.42485,200.23853,20.86222,0.025170347
d0325,325,2021-03-30,190.51576,181.44897,200.03566,20.808983,0.024877843
d0326,326,2021-03-31,192.18817,183.40306,201.39407,21.86948,0.023871742
d0327,327,2021-04-01,191.89131,182.74152,201.49924,21.681236,0.02492677
d0328,328,2021-04-02,191.94101,182.8589,201.47415,21.712757,0.024731178
d0329,329,2021-04-05,190.55273,180.75018,200.88689,20.832432,0.02694543
d0330,330,2021-04-06,189.36983,179.76102,199.49222,20.08233,0.026568102
d0331,331,2021-04-07,192.90132,183.81886,202.43254,22.321701,0.024606096
d0332,332,2021-04-08,191.58507,182.32396,201.3166,21.487045,0.025279004
d0333,333,2021-04-09,192.26942,183.20253,201.78505,21.921003,0.024645591
d0334,334,2021-04-12,193.80652,184.81435,203.23622,22.895706,0.024239032
d0335,335,2021-04-13,192.38684,182.92574,202.3373,21.99546,0.025728501
d0336,336,2021-04-14,191.55014,181.72197,201.90985,21.464897,0.026873326
d0337,337,2021-04-15,194.07014,184.7424,203.86884,23.062874,0.02513119
d0338,338,2021-04-16,193.29877,183.93347,203.14098,22.573734,0.025338281
d0339,339,2021-04-19,194.18115,184.78017,204.06044,23.133266,0.025318708
d0340,340,2021-04-20,195.91187,187.34137,204.8744,24.23073,0.022822658
d0341,341,2021-04-21,192.95187,183.17143,203.25449,22.353756,0.02653987
d0342,342,2021-04-22,192.30138,182.36852,202.77524,21.941269,0.027058369
d0343,343,2021-04-23,194.71733,185.42537,204.47496,23.473263,0.02494724
d0344,344,2021-04-26,195.8005,186.64365,205.40659,24.160122,0.024436245
d0345,345,2021-04-27,194.28636,184.63596,204.4411,23.199976,0.025993332
d0346,346,2021-04-28,193.92865,184.20587,204.16463,22.973145,0.02624303
d0347,347,2021-04-29,193.25464,183.20044,203.86061,22.545742,0.02725907
d0348,348,2021-04-30,193.8357,184.12262,204.0612,22.914207,0.026229102
d0349,349,2021-05-03,194.24654,184.21349,204.82603,23.174726,0.027057564
d0350,350,2021-05-04,194.68356,184.89098,204.9948,23.451853,0.026331196
d0351,351,2021-05-05,197.13225,187.98773,206.72163,25.0046,0.024233786
d0352,352,2021-05-06,193.00262,183.0098,203.54112,22.385942,0.027124576
d0353,353,2021-05-07,195.90727,186.33795,205.96802,24.227821,0.025550734
d0354,354,2021-05-10,193.53249,183.42705,204.19469,22.721935,0.027361434
d0355,355,2021-05-11,195.60619,185.68686,206.05536,24.036896,0.026551822
d0356,356,2021-05-12,194.56177,184.30612,205.38809,23.374617,0.027628371
d0357,357,2021-05-13,194.56947,184.48967,205.20003,23.379505,0.027140742
d0358,358,2021-05-14,195.08693,184.95,205.77946,23.707628,0.027224338
d0359,359,2021-05-17,193.90727,183.35783,205.06367,22.95959,0.028541056
d0360,360,2021-05-18,195.55038,185.19019,206.49017,24.001514,0.02777283
d0361,361,2021-05-19,195.46436,185.28923,206.19824,23.946964,0.027275493
d0362,362,2021-05-20,193.74057,182.77191,205.36751,22.853888,0.02973524
d0363,363,2021-05-21,196.92406,186.96133,207.41765,24.872578,0.026487872
d0364,364,2021-05-24,194.83368,184.0858,206.20906,23.54704,0.028951187
d0365,365,2021-05-25,196.76073,186.45966,207.63087,24.769009,0.027435465
d0366,366,2021-05-26,195.44568,184.90636,206.5857,23.935116,0.028282098
d0367,367,2021-05-27,197.48062,187.3653,208.14204,25.225508,0.026826689
d0368,368,2021-05-28,195.39362,184.15367,207.31961,23.902107,0.030227335
d0369,369,2021-05-31,196.46582,185.9013,207.63074,24.582005,0.028200338
d0370,370,2021-06-01,196.44952,185.6901,207.83237,24.571669,0.028737964
d0371,371,2021-06-02,198.20427,187.91838,209.05316,25.68438,0.027188981
d0372,372,2021-06-03,199.0209,188.44606,210.18921,26.202225,0.02785621
d0373,373,2021-06-04,198.04854,187.44817,209.24837,25.585629,0.028066196
d0374,374,2021-06-07,197.89116,187.44353,208.92107,25.485838,0.027673194
d0375,375,2021-06-08,198.29877,187.86647,209.31038,25.744307,0.027573148
d0376,376,2021-06-09,199.716,189.59811,210.37384,26.643002,0.0265254
d0377,377,2021-06-10,200.03307,189.80972,210.80704,26.844048,0.02676559
d0378,378,2021-06-11,197.11707,186.10345,208.78242,24.994968,0.029334167
d0379,379,2021-06-14,200.34285,189.90808,211.351,27.040493,0.027290838
d0380,380,2021-06-15,197.00905,185.55632,209.16862,24.926472,0.03055668
d0381,381,2021-06-16,199.88947,189.14629,211.24284,26.752996,0.0281856
d0382,382,2021-06-17,200.08867,189.44855,211.32635,26.87931,0.0278791
d0383,383,2021-06-18,198.3831,187.6243,209.75887,25.797785,0.028448233
d0384,384,2021-06-21,199.16681,188.22609,210.74345,26.294744,0.028825928
d0385,385,2021-06-22,200.22803,189.68756,211.3542,26.96768,0.027591117
d0386,386,2021-06-23,197.8219,186.29713,210.05963,25.441921,0.030624647
d0387,387,2021-06-24,197.62645,186.34547,209.59038,25.317978,0.02998797
d0388,388,2021-06-25,198.21133,187.08865,209.99527,25.688862,0.02946493
d0389,389,2021-06-28,199.24802,188.03615,211.12839,26.346243,0.029549006
d0390,390,2021-06-29,200.7524,189.80328,212.33313,27.30019,0.028614327
d0391,391,2021-06-30,201.8623,191.14114,213.18483,28.004002,0.0278437
d0392,392,2021-07-01,199.34456,187.76208,211.64156,26.407455,0.030540394
d0393,393,2021-07-02,200.58734,189.37604,212.46237,27.195526,0.029344466
d0394,394,2021-07-05,198.62128,186.79433,211.197,25.94881,0.03132224
d0395,395,2021-07-06,199.72443,188.34103,211.79582,26.648342,0.029940909
d0396,396,2021-07-07,200.77539,189.43219,212.7978,27.31477,0.029671233
d0397,397,2021-07-08,198.9471,187.15286,211.48462,26.155424,0.031180263
d0398,398,2021-07-09,201.80869,190.90445,213.33572,27.970005,0.028340317
d0399,399,2021-07-12,199.35573,187.4743,211.99011,26.414537,0.031351496
d0400,400,2021-07-13,200.03911,188.05502,212.78694,26.847887,0.03151961
d0401,401,2021-07-14,200.92717,189.4824,213.06322,27.41102,0.029921625
d0402,402,2021-07-15,202.19864,190.41058,214.7165,28.21728,0.030646903
d0403,403,2021-07-16,201.50247,189.50853,214.2555,27.775824,0.031309985
d0404,404,2021-07-19,199.94464,187.66278,213.03032,26.787985,0.03234382
d0405,405,2021-07-20,198.6543,186.26678,211.86565,25.969755,0.032850083
d0406,406,2021-07-21,201.13121,189.1572,213.8632,27.540398,0.031315863
d0407,407,2021-07-22,202.35936,190.36505,215.10939,28.319191,0.031174274
d0408,408,2021-07-23,201.6407,189.84158,214.17316,27.86348,0.030764012
d0409,409,2021-07-26,202.50502,190.63791,215.11086,28.411556,0.030810634
d0410,410,2021-07-27,200.67818,188.53465,213.60387,27.253128,0.03184731
d0411,411,2021-07-28,202.1366,190.03377,215.01018,28.177929,0.031500906
d0412,412,2021-07-29,201.28488,189.20866,214.13187,27.637852,0.03156672
d0413,413,2021-07-30,202.28981,190.22783,215.11664,28.275085,0.03136684
d0414,414,2021-08-02,200.82458,188.23236,214.25922,27.345966,0.03303809
d0415,415,2021-08-03,204.77043,193.10431,217.14137,29.848087,0.029928105
d0416,416,2021-08-04,200.96684,188.64223,214.09671,27.436172,0.03228968
d0417,417,2021-08-05,203.07523,190.75902,216.18658,28.773129,0.031921152
d0418,418,2021-08-06,203.95203,191.95978,216.69344,29.32912,0.030917808
d0419,419,2021-08-09,203.16675,190.52887,216.64293,28.831173,0.03276703
d0420,420,2021-08-10,203.90776,191.80438,216.77495,29.30106,0.031220328
d0421,421,2021-08-11,204.51402,192.33824,217.4606,29.685497,0.031316884
d0422,422,2021-08-12,203.25934,190.75566,216.58261,28.889883,0.032392517
d0423,423,2021-08-13,204.1449,191.7341,217.35904,29.45143,0.032000232
d0424,424,2021-08-16,204.58447,192.22617,217.73729,29.730165,0.03178995
d0425,425,2021-08-17,202.3727,189.4258,216.20453,28.327644,0.033731487
d0426,426,2021-08-18,205.78798,193.33543,219.04254,30.493332,0.031846754
d0427,427,2021-08-19,204.03893,191.37587,217.5399,29.384232,0.032689493
d0428,428,2021-08-20,204.18484,191.62648,217.56624,29.47676,0.032386534
d0429,429,2021-08-23,205.34985,192.7269,218.79959,30.215513,0.032367874
d0430,430,2021-08-24,206.44722,193.8572,219.85483,30.911362,0.03210349
d0431,431,2021-08-25,202.79263,189.46637,217.05617,28.593933,0.034679733
d0432,432,2021-08-26,204.6594,191.78673,218.39609,29.777681,0.033144493
d0433,433,2021-08-27,205.96461,193.38354,219.36418,30.60534,0.0321576
d0434,434,2021-08-30,205.73042,192.55302,219.80962,30.45683,0.033773016
d0435,435,2021-08-31,203.15295,189.44177,217.85649,28.822422,0.035651717
d0436,436,2021-09-01,203.9284,190.6812,218.09596,29.314148,0.03426841
d0437,437,2021-09-02,204.30734,190.79996,218.77097,29.55444,0.034897905
d0438,438,2021-09-03,208.23323,195.67476,221.5977,32.0439,0.03173717
d0439,439,2021-09-06,203.29861,189.53261,218.06447,28.914785,0.035772886
d0440,440,2021-09-07,203.6438,189.87025,218.4165,29.133678,0.03573032
d0441,441,2021-09-08,206.95276,194.16728,220.58015,31.23194,0.032535996
d0442,442,2021-09-09,205.55402,192.14195,219.90227,30.344975,0.03442571
d0443,443,2021-09-10,204.89383,191.44305,219.28966,29.926336,0.034643635
d0444,444,2021-09-13,204.41551,190.8452,218.95078,29.623032,0.035047017
d0445,445,2021-09-14,207.29166,194.15262,221.31984,31.446838,0.033409264
d0446,446,2021-09-15,205.69794,192.07913,220.28235,30.43623,0.034949653
d0447,447,2021-09-16,206.45155,192.64618,221.24629,30.914116,0.03531153
d0448,448,2021-09-17,206.70642,193.14653,221.21826,31.075727,0.03461753
d0449,449,2021-09-20,206.61122,193.03517,221.14204,31.01536,0.03467676
d0450,450,2021-09-21,206.43152,192.58253,221.27638,30.90141,0.0354305
d0451,451,2021-09-22,205.72336,191.50757,220.99442,30.452358,0.036533177
d0452,452,2021-09-23,206.50328,193.03024,220.91672,30.94691,0.034423158
d0453,453,2021-09-24,206.75763,192.71767,221.82043,31.1082,0.035878055
d0454,454,2021-09-27,208.37001,194.85445,222.82303,32.130634,0.03421554
d0455,455,2021-09-28,208.62685,195.07478,223.12038,32.2935,0.034267467
d0456,456,2021-09-29,206.62386,192.50294,221.78058,31.02337,0.036116615
d0457,457,2021-09-30,207.54736,193.57768,222.52522,31.608986,0.035551433
d0458,458,2021-10-01,206.1291,191.7689,221.56465,30.709648,0.036842745
d0459,459,2021-10-04,207.20688,193.28868,222.12729,31.393074,0.035475936
d0460,460,2021-10-05,208.70132,194.9611,223.40988,32.34073,0.034746993
d0461,461,2021-10-06,209.50931,195.75381,224.23137,32.85308,0.03464817
d0462,462,2021-10-07,208.83252,194.70726,223.98253,32.423927,0.035732333
d0463,463,2021-10-08,209.41388,195.34901,224.4914,32.79257,0.035471845
d0464,464,2021-10-11,210.24327,196.49648,224.95177,33.318497,0.034500387
d0465,465,2021-10-12,207.58589,193.11191,223.14467,31.633413,0.03687512
d0466,466,2021-10-13,208.07785,193.26765,224.0229,31.945372,0.037671536
d0467,467,2021-10-14,209.78665,195.53159,225.08093,33.02895,0.035902612
d0468,468,2021-10-15,211.89626,198.10426,226.6484,34.36668,0.034338403
d0469,469,2021-10-18,210.45421,196.38191,225.53487,33.45226,0.035309568
d0470,470,2021-10-19,209.593,195.12111,225.13821,32.90615,0.036503635
d0471,471,2021-10-20,211.19327,196.99327,226.41682,33.920906,0.035512317
d0472,472,2021-10-21,211.07884,196.8936,226.28604,33.848347,0.035493996
d0473,473,2021-10-22,211.59572,197.54112,226.65027,34.17611,0.035066668
d0474,474,2021-10-25,210.07259,195.19737,226.08138,33.210266,0.03747035
d0475,475,2021-10-26,209.78427,194.8638,225.84721,33.027447,0.037642334
d0476,476,2021-10-27,210.46468,195.70041,226.34285,33.4589,0.03710867
d0477,477,2021-10-28,211.98947,197.5418,227.49379,34.425797,0.03601346
d0478,478,2021-10-29,210.77972,195.75284,226.96011,33.658672,0.037735086
d0479,479,2021-11-01,209.94356,194.84787,226.20882,33.128452,0.03807128
d0480,480,2021-11-02,211.06685,196.32323,226.91772,33.84074,0.03694517
d0481,481,2021-11-03,209.9837,194.72972,226.43257,33.153904,0.038478244
d0482,482,2021-11-04,212.183,197.31013,228.17691,34.548508,0.03707768
d0483,483,2021-11-05,213.58311,199.19777,229.00732,35.436344,0.035575498
d0484,484,2021-11-08,210.93417,196.0687,226.92673,33.756615,0.037286244
d0485,485,2021-11-09,213.17825,198.38808,229.07108,35.179615,0.036685515
d0486,486,2021-11-10,212.02629,197.11699,228.06326,34.449135,0.03720043
d0487,487,2021-11-11,214.811,200.47885,230.16774,36.214973,0.0352295
d0488,488,2021-11-12,213.73146,199.2344,229.28331,35.53041,0.03583582
d0489,489,2021-11-15,213.04564,197.86732,229.38824,35.095524,0.037708994
d0490,490,2021-11-16,215.3065,200.75354,230.91438,36.52917,0.035706382
d0491,491,2021-11-17,213.69615,198.49678,230.05939,35.508026,0.037644025
d0492,492,2021-11-18,213.51514,198.3261,229.86743,35.393238,0.037650533
d0493,493,2021-11-19,213.83527,198.46478,230.39612,35.59624,0.038058303
d0494,494,2021-11-22,215.89876,201.1216,231.76164,36.904728,0.03617344
d0495,495,2021-11-23,213.24521,197.51192,230.23174,35.222076,0.03910391
d0496,496,2021-11-24,215.75482,200.85977,231.75443,36.81346,0.0364978
d0497,497,2021-11-25,215.44717,200.34528,231.68741,36.618378,0.037078273
d0498,498,2021-11-26,212.83658,197.37312,229.51154,34.96295,0.038483992
d0499,499,2021-11-29,215.3331,200.11891,231.70396,36.54604,0.0373849
d0500,500,2021-11-30,212.68105,196.673,229.99205,34.86433,0.039924078
d0501,501,2021-12-01,214.48787,198.98256,231.20137,36.010063,0.03828365
d0502,502,2021-12-02,214.78735,199.24478,231.54237,36.199974,0.038323663
d0503,503,2021-12-03,214.8565,199.23364,231.70442,36.24382,0.038516413
d0504,504,2021-12-06,215.17667,199.56223,232.01283,36.446846,0.03843537
d0505,505,2021-12-07,215.97513,199.86157,233.38782,36.953163,0.039560348
d0506,506,2021-12-08,214.94435,199.00763,232.15729,36.299526,0.039304055
d0507,507,2021-12-09,215.72209,199.67422,233.05974,36.79271,0.03944074
d0508,508,2021-12-10,214.3376,198.29056,231.68329,35.91478,0.039703548
d0509,509,2021-12-13,213.68852,197.0324,231.75264,35.503185,0.041403692
d0510,510,2021-12-14,217.34102,201.72122,234.17029,37.81929,0.038051527
d0511,511,2021-12-15,216.12375,199.90898,233.65364,37.047398,0.039790247
d0512,512,2021-12-16,217.77682,202.01346,234.77025,38.095642,0.038334966
d0513,513,2021-12-17,217.0676,201.1985,234.18831,37.645912,0.038733065
d0514,514,2021-12-20,217.52184,201.74745,234.5296,37.933945,0.03840949
d0515,515,2021-12-21,215.2288,198.89566,232.90315,36.479904,0.040265907
d0516,516,2021-12-22,216.43207,199.74477,234.51347,37.242912,0.040936913
d0517,517,2021-12-23,216.86624,200.49164,234.57819,37.518227,0.04005524
d0518,518,2021-12-24,217.29036,200.76419,235.17691,37.787163,0.04035897
d0519,519,2021-12-27,216.19637,199.74614,234.00137,37.09345,0.040377475
d0520,520,2021-12-28,215.02603,197.97931,233.54054,36.351322,0.042141113
d0521,521,2021-12-29,215.47678,198.53596,233.86314,36.63715,0.041777
d0522,522,2021-12-30,217.3056,200.57428,235.43259,37.79683,0.040877536
d0523,523,2021-12-31,216.03252,199.03606,234.48038,36.989548,0.041807663
d0524,524,2022-01-03,219.36307,202.97813,237.07066,39.101505,0.03960714
d0525,525,2022-01-04,219.49388,203.13708,237.16772,39.184452,0.03951188
d0526,526,2022-01-05,218.94475,202.43756,236.79797,38.836243,0.039993852
d0527,527,2022-01-06,219.29623,202.9329,236.97896,39.059128,0.039565343
d0528,528,2022-01-07,216.41002,199.417,234.85106,37.22893,0.041722834
d0529,529,2022-01-10,221.1182,204.92152,238.59502,40.214455,0.0388114
d0530,530,2022-01-11,217.99205,200.99216,236.42978,38.232124,0.041424833
d0531,531,2022-01-12,219.3314,202.43826,237.63423,39.08143,0.040892247
d0532,532,2022-01-13,219.6889,203.0995,237.63335,39.30812,0.04005938
d0533,533,2022-01-14,220.13557,203.08138,238.6219,39.591362,0.0411412
d0534,534,2022-01-17,217.68562,200.2111,236.68529,38.03781,0.04269363
d0535,535,2022-01-18,220.9701,204.20372,239.1131,40.12054,0.04025982
d0536,536,2022-01-19,217.84851,200.21727,237.03235,38.141094,0.04305957
d0537,537,2022-01-20,220.41034,203.37906,238.86786,39.765594,0.041030366
d0538,538,2022-01-21,218.86302,201.47264,237.75449,38.78442,0.042241078
d0539,539,2022-01-24,218.11183,200.36827,237.42667,38.30807,0.043291263
d0540,540,2022-01-25,221.37607,204.15591,240.04869,40.377975,0.04131579
d0541,541,2022-01-26,218.72227,200.74115,238.31396,38.695168,0.043768585
d0542,542,2022-01-27,219.39545,201.60959,238.75034,39.122032,0.04313403
d0543,543,2022-01-28,219.20157,201.31332,238.67928,38.999092,0.04343321
d0544,544,2022-01-31,221.16707,204.18437,239.56223,40.24545,0.040762704
d0545,545,2022-02-01,221.44829,204.08374,240.29027,40.423775,0.041662566
d0546,546,2022-02-02,220.04427,202.43755,239.18233,39.53346,0.04254968
d0547,547,2022-02-03,220.448,202.83203,239.5939,39.789474,0.04249165
d0548,548,2022-02-04,222.03667,204.35977,241.24258,40.796875,0.04232679
d0549,549,2022-02-07,219.73248,201.74225,239.32693,39.33575,0.04358155
d0550,550,2022-02-08,219.58125,201.45947,239.3331,39.23986,0.043945942
d0551,551,2022-02-09,221.47711,203.35042,241.2196,40.44205,0.043565597
d0552,552,2022-02-10,221.19409,203.02061,240.9944,40.26258,0.04374139
d0553,553,2022-02-11,221.44612,203.32591,241.18118,40.422405,0.043555696
d0554,554,2022-02-14,223.32964,205.53842,242.66083,41.61676,0.042355012
d0555,555,2022-02-15,221.17944,203.01297,240.9715,40.253292,0.04372672
d0556,556,2022-02-16,223.041,205.04808,242.61281,41.43374,0.04291387
d0557,557,2022-02-17,220.36462,201.92744,240.48526,39.736603,0.044579167
d0558,558,2022-02-18,219.6857,200.71753,240.4464,39.30609,0.04607111
d0559,559,2022-02-21,221.62978,203.24962,241.67206,40.53886,0.044170074
d0560,560,2022-02-22,224.02847,206.02094,243.61,42.05991,0.04275277
d0561,561,2022-02-23,224.53232,206.59196,244.03065,42.379402,0.042486776
d0562,562,2022-02-24,221.95038,203.42078,242.1679,40.742157,0.044478223
d0563,563,2022-02-25,223.33728,205.08188,243.21773,41.621613,0.043507114
d0564,564,2022-02-28,221.79338,203.13124,242.17006,40.64261,0.04484385
d0565,565,2022-03-01,223.63956,204.88332,244.11282,41.81329,0.044691283
d0566,566,2022-03-02,222.23712,203.66136,242.50717,40.92399,0.044533838
d0567,567,2022-03-03,221.00537,202.02751,241.76598,40.142918,0.045807738
d0568,568,2022-03-04,223.53058,204.82208,243.94795,41.744186,0.044595197
d0569,569,2022-03-07,223.60986,204.64346,244.3341,41.794468,0.045221243
d0570,570,2022-03-08,223.30933,204.46628,243.88896,41.603886,0.044977065
d0571,571,2022-03-09,224.18745,205.36462,244.73553,42.160725,0.044742636
d0572,572,2022-03-10,225.39934,206.7723,245.70442,42.929195,0.04400798
d0573,573,2022-03-11,223.84734,205.16318,244.23312,41.945053,0.044468757
d0574,574,2022-03-14,224.47173,205.79355,244.84525,42.34098,0.044324722
d0575,575,2022-03-15,223.87743,204.65813,244.90158,41.964127,0.0457948
d0576,576,2022-03-16,226.77344,208.2287,246.96977,43.800533,0.043527793
d0577,577,2022-03-17,227.24013,208.56458,247.58794,44.09647,0.04375433
d0578,578,2022-03-18,225.99783,206.8804,246.88187,43.308712,0.045094162
d0579,579,2022-03-21,222.10925,202.28415,243.87729,40.842903,0.047702
d0580,580,2022-03-22,224.47105,205.32283,245.40503,42.340553,0.045491446
d0581,581,2022-03-23,222.8259,202.886,244.72551,41.29734,0.047829844
d0582,582,2022-03-24,223.48204,203.57071,245.34093,41.713406,0.047611073
d0583,583,2022-03-25,228.77133,210.00339,249.21658,45.06743,0.043673158
d0584,584,2022-03-28,226.60854,207.08025,247.97845,43.69596,0.045978475
d0585,585,2022-03-29,226.59932,207.51363,247.44037,43.69012,0.04489097
d0586,586,2022-03-30,225.37885,205.98236,246.60185,42.916203,0.045914438
d0587,587,2022-03-31,227.3537,208.07356,248.42038,44.168484,0.045211922
d0588,588,2022-04-01,228.91353,209.95058,249.58931,45.1576,0.044118546
d0589,589,2022-04-04,227.28923,207.85638,248.53886,44.12761,0.045599945
d0590,590,2022-04-05,224.89618,204.90407,246.83894,42.610134,0.0474985
d0591,591,2022-04-06,228.06808,208.40695,249.58414,44.62149,0.045995764
d0592,592,2022-04-07,228.13655,208.7352,249.34117,44.66491,0.04534583
d0593,593,2022-04-08,227.66966,207.94362,249.26697,44.36884,0.046239186
d0594,594,2022-04-11,228.08328,208.47003,249.54176,44.631123,0.045875233
d0595,595,2022-04-12,227.23392,207.52733,248.81184,44.092537,0.046284165
d0596,596,2022-04-13,228.99811,209.224,250.64113,45.21123,0.046075683
d0597,597,2022-04-14,228.15733,208.48152,249.69006,44.67808,0.04601274
d0598,598,2022-04-15,225.6306,205.06212,248.26219,43.075848,0.048768494
d0599,599,2022-04-18,227.90985,207.81067,249.95302,44.521152,0.047103476
d0600,600,2022-04-19,227.65358,207.50923,249.75354,44.358646,0.047270093
d0601,601,2022-04-20,228.95226,209.06744,250.72838,45.182156,0.046355423
d0602,602,2022-04-21,226.61617,205.74579,249.60359,43.7008,0.049294047
d0603,603,2022-04-22,229.19807,208.97946,251.37283,45.338036,0.047117673
d0604,604,2022-04-25,230.60423,210.52948,252.59314,46.2297,0.046467934
d0605,605,2022-04-26,228.89883,208.66719,251.09209,45.148277,0.047214072
d0606,606,2022-04-27,229.00352,208.56943,251.43958,45.214664,0.04768641
d0607,607,2022-04-28,229.28816,208.86748,251.70537,45.39516,0.047591656
d0608,608,2022-04-29,231.7708,212.08339,253.28574,46.969437,0.045290485
d0609,609,2022-05-02,228.88347,208.2859,251.51796,45.13854,0.04811294
d0610,610,2022-05-03,231.56282,211.64134,253.35948,46.837555,0.045896996
d0611,611,2022-05-04,229.39743,208.93004,251.86989,45.464443,0.04768194
d0612,612,2022-05-05,230.75502,210.41328,253.06326,46.325314,0.047083132
d0613,613,2022-05-06,230.57883,210.10004,253.05374,46.213593,0.047453623
d0614,614,2022-05-09,230.85118,210.1185,253.62961,46.38629,0.048011024
d0615,615,2022-05-10,231.8129,211.13873,254.5114,46.996128,0.047660768
d0616,616,2022-05-11,229.14517,208.2795,252.10129,45.30449,0.04871175
d0617,617,2022-05-12,229.4089,208.53194,252.37598,45.47173,0.048680566
d0618,618,2022-05-13,231.2673,210.56711,254.0025,46.650158,0.047841754
d0619,619,2022-05-16,230.52667,209.50172,253.66164,46.180523,0.048793215
d0620,620,2022-05-17,230.11067,208.96465,253.39656,45.916725,0.049181283
d0621,621,2022-05-18,231.51453,210.07712,255.13957,46.80693,0.049575523
d0622,622,2022-05-19,232.94351,212.36655,255.51427,47.713078,0.047184825
d0623,623,2022-05-20,230.52402,209.36018,253.82727,46.17883,0.04913212
d0624,624,2022-05-23,229.6866,208.28928,253.28207,45.64781,0.0498918
d0625,625,2022-05-24,232.83673,211.8246,255.93324,47.645367,0.04825461
d0626,626,2022-05-25,231.58202,209.94682,255.44676,46.849728,0.050040778
d0627,627,2022-05-26,233.96161,213.07904,256.89072,48.358665,0.047700934
d0628,628,2022-05-27,234.02576,213.2811,256.78815,48.39934,0.047357224
d0629,629,2022-05-30,231.13521,209.79272,254.64896,46.566402,0.049430102
d0630,630,2022-05-31,234.01816,213.15651,256.92157,48.394524,0.047638804
d0631,631,2022-06-01,233.42056,211.96432,257.0488,48.015583,0.049195886
d0632,632,2022-06-02,233.78026,212.60724,257.0619,48.243668,0.048436318
d0633,633,2022-06-03,233.41745,211.91295,257.10425,48.013603,0.04931279
d0634,634,2022-06-06,231.66045,209.99794,255.55757,46.89946,0.050089303
d0635,635,2022-06-07,231.71124,209.58884,256.1687,46.93167,0.05119602
d0636,636,2022-06-08,235.72835,214.49017,259.06946,49.478985,0.04817153
d0637,637,2022-06-09,234.96065,213.4619,258.62466,48.99217,0.04895908
d0638,638,2022-06-10,234.1118,212.14925,258.34805,48.453903,0.050259646
d0639,639,2022-06-13,235.94167,214.90118,259.04218,49.61425,0.04765626
d0640,640,2022-06-14,234.9331,213.02213,259.09784,48.974705,0.049951453
d0641,641,2022-06-15,234.68211,212.87073,258.72842,48.815548,0.04976886
d0642,642,2022-06-16,235.28734,213.65843,259.10574,49.19933,0.04919835
d0643,643,2022-06-17,234.88911,213.16467,258.82758,48.946808,0.049514562
d0644,644,2022-06-20,235.02168,212.78214,259.58563,49.030876,0.050718863
d0645,645,2022-06-21,236.93365,215.42204,260.59338,50.243282,0.048561804
d0646,646,2022-06-22,233.98866,211.63127,258.70798,48.37582,0.05123837
d0647,647,2022-06-23,236.82954,215.4467,260.3346,50.177265,0.0482791
d0648,648,2022-06-24,235.39474,213.21484,259.88193,49.267433,0.050491586
d0649,649,2022-06-27,234.05904,211.34258,259.2172,48.42044,0.052088253
d0650,650,2022-06-28,236.59782,214.52524,260.9415,50.030327,0.049966548
d0651,651,2022-06-29,238.0579,216.45712,261.81427,50.95619,0.04853131
d0652,652,2022-06-30,235.91994,213.67485,260.4809,49.60047,0.050529107
d0653,653,2022-07-01,235.50299,213.09329,260.2694,49.336075,0.051017143
d0654,654,2022-07-04,237.90793,215.79573,262.2859,50.861084,0.049771138
d0655,655,2022-07-05,237.31511,214.86731,262.10812,50.48517,0.050698064
d0656,656,2022-07-06,236.06923,213.70088,260.77887,49.695133,0.050789658
d0657,657,2022-07-07,237.71843,215.36348,262.39386,50.74092,0.050387613
d0658,658,2022-07-08,237.36848,214.94955,262.12564,50.519012,0.05061748
d0659,659,2022-07-11,238.1745,215.73842,262.94385,51.030125,0.050478023
d0660,660,2022-07-12,238.96815,216.86903,263.3192,51.53339,0.049508523
d0661,661,2022-07-13,237.96678,215.50653,262.76785,50.898407,0.05058159
d0662,662,2022-07-14,237.94142,215.20226,263.08334,50.882328,0.051248077
d0663,663,2022-07-15,235.74355,212.6323,261.36673,49.488617,0.052642908
d0664,664,2022-07-18,234.73146,211.14897,260.94778,48.84684,0.0540195
d0665,665,2022-07-19,241.69911,219.31769,266.36453,53.26513,0.049577676
d0666,666,2022-07-20,237.30283,213.88252,263.2877,50.477386,0.053015422
d0667,667,2022-07-21,237.15906,213.75851,263.1213,50.386215,0.053002108
d0668,668,2022-07-22,238.3345,215.44896,263.65106,51.131584,0.05150576
d0669,669,2022-07-25,238.0152,214.91809,263.5945,50.929104,0.05208041
d0670,670,2022-07-26,238.06252,214.80989,263.8322,50.95911,0.052438743
d0671,671,2022-07-27,240.19748,217.17418,265.6616,52.312923,0.05140906
d0672,672,2022-07-28,237.04443,213.28175,263.45468,50.313534,0.053894732
d0673,673,2022-07-29,238.10999,214.61787,264.17352,50.989212,0.052996695
d0674,674,2022-08-01,239.42438,215.97195,265.42355,51.822685,0.052596506
d0675,675,2022-08-02,240.9588,217.82718,266.54688,52.795696,0.05149185
d0676,676,2022-08-03,240.51837,217.84973,265.54587,52.51641,0.050505616
d0677,677,2022-08-04,239.08571,215.69275,265.01572,51.60793,0.052534208
d0678,678,2022-08-05,238.82889,214.8705,265.45862,51.44508,0.05393455
d0679,679,2022-08-08,239.72823,216.11584,265.92053,52.015366,0.052903797
d0680,680,2022-08-09,242.18306,218.74565,268.1317,53.57201,0.051930774
d0681,681,2022-08-10,242.40704,219.33128,267.91058,53.71405,0.051038314
d0682,682,2022-08-11,239.3029,215.21173,266.09088,51.745667,0.054136626
d0683,683,2022-08-12,242.01274,218.68178,267.83282,53.46401,0.051720772
d0684,684,2022-08-15,239.91092,215.96756,266.5088,52.13121,0.053642586
d0685,685,2022-08-16,241.6518,217.8648,268.03592,53.235126,0.052868955
d0686,686,2022-08-17,241.85626,218.68419,267.48367,53.364788,0.0513852
d0687,687,2022-08-18,240.5282,216.34064,267.42,52.522636,0.05407307
d0688,688,2022-08-19,238.29204,213.7652,265.63306,51.104652,0.055417784
d0689,689,2022-08-22,242.23997,218.2816,268.828,53.60811,0.05313415
d0690,690,2022-08-23,242.66014,218.50829,269.48154,53.874542,0.05348878
d0691,691,2022-08-24,241.36702,217.49669,267.85718,53.054546,0.05313015
d0692,692,2022-08-25,239.64354,214.8525,267.2952,51.961662,0.05571477
d0693,693,2022-08-26,243.21165,219.56729,269.40222,54.224266,0.052180316
d0694,694,2022-08-29,239.25127,214.59264,266.7434,51.712917,0.055496357
d0695,695,2022-08-30,239.78958,215.20177,267.18674,52.054276,0.055196874
d0696,696,2022-08-31,239.32623,214.53041,266.98804,51.76046,0.055804167
d0697,697,2022-09-01,241.10396,216.70064,268.25543,52.887737,0.054444563
d0698,698,2022-09-02,241.51588,217.08919,268.6911,53.14895,0.054401558
d0699,699,2022-09-05,241.32152,216.79973,268.61694,53.0257,0.054671545
d0700,700,2022-09-06,244.7764,220.6528,271.53738,55.21649,0.05293611
d0701,701,2022-09-07,244.13243,220.28233,270.5648,54.80814,0.052449368
d0702,702,2022-09-08,244.0014,219.85435,270.8006,54.72505,0.053167738
d0703,703,2022-09-09,241.61655,217.01355,269.00885,53.212772,0.054791965
d0704,704,2022-09-12,242.49725,217.63495,270.1998,53.771244,0.055189464
d0705,705,2022-09-13,243.75247,219.12708,271.14526,54.567207,0.05433747
d0706,706,2022-09-14,244.10884,219.5439,271.4224,54.79318,0.054113295
d0707,707,2022-09-15,245.68176,221.15614,272.92722,55.790592,0.05365721
d0708,708,2022-09-16,245.73325,221.46019,272.66672,55.823242,0.053063132
d0709,709,2022-09-19,243.00073,217.8102,271.1047,54.09051,0.055837013
d0710,710,2022-09-20,244.85489,220.35353,272.08054,55.266262,0.05379209
d0711,711,2022-09-21,241.0734,215.52675,269.6481,52.868355,0.057151187
d0712,712,2022-09-22,242.66376,217.31567,270.9685,53.87683,0.056288656
d0713,713,2022-09-23,246.50006,221.95679,273.75726,56.309486,0.053509973
d0714,714,2022-09-26,245.80495,220.9117,273.5033,55.86871,0.054477207
d0715,715,2022-09-27,245.16676,220.37215,272.75107,55.464027,0.054398436
d0716,716,2022-09-28,245.02179,219.6684,273.30148,55.372093,0.05572866
d0717,717,2022-09-29,243.88153,218.65747,272.01538,54.649044,0.05570209
d0718,718,2022-09-30,244.96194,219.70009,273.1285,55.334152,0.05553036
d0719,719,2022-10-03,243.59256,218.10591,272.0574,54.465794,0.056385793
d0720,720,2022-10-04,245.52147,220.44211,273.4541,55.688953,0.05497416
d0721,721,2022-10-05,246.10454,220.72795,274.3986,56.05868,0.0555232
d0722,722,2022-10-06,246.54028,221.3005,274.65875,56.334995,0.055104062
d0723,723,2022-10-07,242.54936,216.6607,271.53143,53.80429,0.057588108
d0724,724,2022-10-10,247.97668,222.93633,275.8296,57.24584,0.05431047
d0725,725,2022-10-11,243.12231,217.19356,272.14645,54.167603,0.05753866
d0726,726,2022-10-12,246.2287,220.60072,274.83398,56.13742,0.056074716
d0727,727,2022-10-13,246.11572,220.99188,274.09576,56.065773,0.054936655
d0728,728,2022-10-14,246.84685,221.20734,275.45816,56.529392,0.055952866
d0729,729,2022-10-17,246.92043,221.45328,275.31635,56.57605,0.055538036
d0730,730,2022-10-18,246.44603,220.79216,275.08063,56.275223,0.05608228
d0731,731,2022-10-19,244.45665,218.1442,273.9429,55.01373,0.058102928
d0732,732,2022-10-20,246.63013,220.89648,275.36163,56.391968,0.056222208
d0733,733,2022-10-21,246.9813,221.23268,275.72668,56.61465,0.056172226
d0734,734,2022-10-24,246.33035,220.53168,275.14713,56.201874,0.05644507
d0735,735,2022-10-25,248.27744,222.55327,276.97495,57.43655,0.05580628
d0736,736,2022-10-26,245.56367,219.33875,274.92416,55.715717,0.057621934
d0737,737,2022-10-27,243.5892,216.95625,273.49152,54.463673,0.059075255
d0738,738,2022-10-28,247.76218,221.38487,277.28235,57.10982,0.057432037
d0739,739,2022-10-31,250.16707,224.8095,278.38486,58.634792,0.054528344
d0740,740,2022-11-01,249.59348,223.86775,278.27545,58.271072,0.055498946
d0741,741,2022-11-02,247.75455,221.19205,277.5069,57.10498,0.057860807
d0742,742,2022-11-03,249.62679,223.68007,278.58328,58.2922,0.055994947
d0743,743,2022-11-04,248.58618,222.12875,278.19492,57.632328,0.057414487
d0744,744,2022-11-07,249.62479,223.27792,279.08054,58.290924,0.056908913
d0745,745,2022-11-08,245.83072,218.76627,276.24338,55.88505,0.059509814
d0746,746,2022-11-09,246.8689,220.15895,276.81934,56.543373,0.058422253
d0747,747,2022-11-10,248.7146,222.46024,278.06747,57.71376,0.05691721
d0748,748,2022-11-11,249.57707,222.98317,279.34262,58.260666,0.057485398
d0749,749,2022-11-14,246.51013,219.52922,276.80713,56.315876,0.05914177
d0750,750,2022-11-15,250.80782,224.74922,279.88776,59.041107,0.05597026
d0751,751,2022-11-16,246.16556,218.7507,277.01614,56.097378,0.0602406
d0752,752,2022-11-17,246.71254,219.65224,277.10663,56.44423,0.059274677
d0753,753,2022-11-18,246.18945,218.66321,277.1808,56.112526,0.060494214
d0754,754,2022-11-21,250.2341,223.8829,279.68683,58.677303,0.056772277
d0755,755,2022-11-22,249.62784,222.82596,279.65353,58.292866,0.057949085
d0756,756,2022-11-23,249.82364,222.99583,279.87906,58.417023,0.057960313
d0757,757,2022-11-24,247.85643,220.82266,278.1998,57.16958,0.058923393
d0758,758,2022-11-25,252.93767,226.75162,282.14777,60.391678,0.0557591
d0759,759,2022-11-28,250.29874,223.45935,280.36176,58.71829,0.057870213
d0760,760,2022-11-29,251.94838,225.50423,281.49356,59.76435,0.056574143
d0761,761,2022-11-30,250.18115,223.07977,280.575,58.643723,0.058497854
d0762,762,2022-12-01,247.63211,220.42021,278.2034,57.02734,0.059392016
d0763,763,2022-12-02,250.3329,223.46301,280.4337,58.73995,0.057931446
d0764,764,2022-12-05,249.40657,221.9948,280.20312,58.152557,0.059403278
d0765,765,2022-12-06,252.44778,225.84741,282.18112,60.081028,0.056808557
d0766,766,2022-12-07,252.38528,225.76595,282.1432,60.041405,0.056866284
d0767,767,2022-12-08,251.50731,224.22775,282.10568,59.48466,0.05857641
d0768,768,2022-12-09,251.29329,223.99678,281.91617,59.348953,0.058667876
d0769,769,2022-12-12,254.44463,227.95471,284.01282,61.34726,0.056089897
d0770,770,2022-12-13,251.23395,223.73576,282.11182,59.311317,0.059142254
d0771,771,2022-12-14,252.39255,225.29344,282.7512,60.046005,0.057949916
d0772,772,2022-12-15,251.5652,223.79951,282.77563,59.521378,0.059669174
d0773,773,2022-12-16,248.98167,220.9022,280.63037,57.883118,0.06105061
d0774,774,2022-12-19,253.86067,226.86766,284.06534,60.97697,0.05735647
d0775,775,2022-12-20,252.05643,224.251,283.30957,59.83287,0.05963627
d0776,776,2022-12-21,254.33025,227.133,284.78415,61.27473,0.057703014
d0777,777,2022-12-22,252.96294,225.59688,283.64862,60.4077,0.058414925
d0778,778,2022-12-23,251.7128,223.71997,283.20813,59.614967,0.060149707
d0779,779,2022-12-26,253.22682,225.06454,284.91306,60.57503,0.06015225
d0780,780,2022-12-27,254.84612,227.3072,285.72147,61.601852,0.05834564
d0781,781,2022-12-28,255.39748,227.95447,286.14426,61.95148,0.057997525
d0782,782,2022-12-29,255.41478,228.1482,285.9401,61.96245,0.057598665
d0783,783,2022-12-30,250.61058,222.15846,282.70657,58.91603,0.061484315
d0784,784,2023-01-02,251.2604,222.73958,283.43323,59.328102,0.06147277
d0785,785,2023-01-03,253.41104,225.36111,284.95224,60.691845,0.059851386
d0786,786,2023-01-04,252.89635,224.44975,284.94827,60.365475,0.060881577
d0787,787,2023-01-05,255.90538,228.16139,287.023,62.273552,0.058548264
d0788,788,2023-01-06,256.39676,228.64703,287.51428,62.58514,0.058442064
d0789,789,2023-01-09,252.30257,223.87575,284.33896,59.988953,0.06098869
d0790,790,2023-01-10,256.61887,229.07367,287.4763,62.725975,0.05793284
d0791,791,2023-01-11,254.05624,225.96228,285.64313,61.100983,0.059789587
d0792,792,2023-01-12,254.71864,226.2833,286.72726,61.52102,0.06039384
d0793,793,2023-01-13,252.73997,224.13164,284.99988,60.266315,0.061289534
d0794,794,2023-01-16,253.04161,224.57137,285.1212,60.45759,0.060898155
d0795,795,2023-01-17,256.6067,228.68907,287.93237,62.71826,0.058765892
d0796,796,2023-01-18,253.1201,224.43213,285.47507,60.50736,0.06137278
d0797,797,2023-01-19,255.8834,227.50594,287.80048,62.259613,0.059972227
d0798,798,2023-01-20,254.40382,225.91245,286.48853,61.32139,0.06059974
d0799,799,2023-01-23,256.60593,228.36722,288.3365,62.717785,0.059482936
d0800,800,2023-01-24,255.62593,227.13908,287.68542,62.096344,0.06028187
d0801,801,2023-01-25,256.66815,228.50327,288.30453,62.75724,0.059302785
d0802,802,2023-01-26,258.44318,230.28644,290.0426,63.882805,0.058853038
d0803,803,2023-01-27,257.04407,228.72159,288.87372,62.9956,0.05956228
d0804,804,2023-01-30,258.29507,230.06133,289.99374,63.78889,0.059059564
d0805,805,2023-01-31,257.74435,229.01846,290.07333,63.439667,0.060288552
d0806,806,2023-02-01,258.0442,229.43376,290.22238,63.629807,0.059957433
d0807,807,2023-02-02,257.05978,228.30013,289.44238,63.005566,0.060534444
d0808,808,2023-02-03,258.37808,229.995,290.26382,63.841522,0.05937052
d0809,809,2023-02-06,254.5611,225.36714,287.5368,61.42112,0.062147975
d0810,810,2023-02-07,256.55835,227.17204,289.7459,62.6876,0.06206548
d0811,811,2023-02-08,259.56274,230.60947,292.15112,64.59273,0.06034326
d0812,812,2023-02-09,256.07724,226.17715,289.93005,62.38253,0.06334723
d0813,813,2023-02-10,255.80205,226.35262,289.083,62.20802,0.062402997
d0814,814,2023-02-13,258.06577,228.65076,291.26495,63.64348,0.061744247
d0815,815,2023-02-14,257.8753,228.49808,291.02945,63.52271,0.06170829
d0816,816,2023-02-15,259.68152,230.8516,292.11182,64.668045,0.060041223
d0817,817,2023-02-16,258.33862,228.75407,291.74924,63.816513,0.062052846
d0818,818,2023-02-17,261.19992,232.32759,293.66034,65.6309,0.059764102
d0819,819,2023-02-20,257.65182,228.23863,290.85547,63.380993,0.06184558
d0820,820,2023-02-21,255.1415,225.02858,289.28403,61.789154,0.06407691
d0821,821,2023-02-22,260.1842,230.84207,293.25598,64.98682,0.06104895
d0822,822,2023-02-23,260.10864,230.8763,293.04224,64.9389,0.06082521
d0823,823,2023-02-24,260.35843,230.97316,293.4822,65.0973,0.061100878
d0824,824,2023-02-27,257.66025,227.92793,291.27106,63.386345,0.06255735
d0825,825,2023-02-28,259.29675,229.68121,292.73096,64.42407,0.061877955
d0826,826,2023-03-01,261.7225,232.48715,294.63425,65.96228,0.060433615
d0827,827,2023-03-02,262.07385,232.6459,295.22418,66.18507,0.06076973
d0828,828,2023-03-03,262.10995,232.53555,295.44565,66.207954,0.061082073
d0829,829,2023-03-06,258.96692,229.16719,292.64166,64.21492,0.062371675
d0830,830,2023-03-07,259.27417,229.01149,293.53586,64.409744,0.06332338
d0831,831,2023-03-08,258.59824,228.44914,292.7261,63.98113,0.0632458
d0832,832,2023-03-09,260.65836,230.82367,294.34924,65.28748,0.06201857
d0833,833,2023-03-10,260.68924,231.19893,293.94116,65.30707,0.061250266
d0834,834,2023-03-13,263.3775,233.63013,296.9125,67.011734,0.06114752
d0835,835,2023-03-14,258.87604,228.33182,293.50616,64.157295,0.06405576
d0836,836,2023-03-15,260.79468,230.75478,294.7452,65.37393,0.062437676
d0837,837,2023-03-16,262.5725,232.57716,296.43634,66.50128,0.061890416
d0838,838,2023-03-17,259.3199,228.85735,293.83716,64.438736,0.06375686
d0839,839,2023-03-20,263.91882,234.04683,297.60355,67.35499,0.06128597
d0840,840,2023-03-21,260.3493,229.92232,294.80286,65.091515,0.06340955
d0841,841,2023-03-22,262.87726,232.86188,296.76157,66.69452,0.061857995
d0842,842,2023-03-23,259.7897,229.2945,294.3406,64.73665,0.06370672
d0843,843,2023-03-24,263.27734,232.89252,297.62637,66.94823,0.06256678
d0844,844,2023-03-27,262.72855,232.40398,297.00992,66.60021,0.06257357
d0845,845,2023-03-28,260.9397,230.03317,295.9987,65.46588,0.064319246
d0846,846,2023-03-29,264.73367,234.80615,298.47565,67.87171,0.061206132
d0847,847,2023-03-30,261.74255,230.80464,296.8275,65.97498,0.06417847
d0848,848,2023-03-31,264.79492,234.4768,299.03317,67.91054,0.062040254
d0849,849,2023-04-03,265.64694,235.20885,300.02396,68.45082,0.062088933
d0850,850,2023-04-04,261.75372,230.5256,297.21222,65.98208,0.06481747
d0851,851,2023-04-05,263.6977,233.19028,298.19623,67.214775,0.062728845
d0852,852,2023-04-06,266.5114,236.21852,300.68903,68.99899,0.061561044
d0853,853,2023-04-07,264.15146,233.38077,298.97916,67.502525,0.06318941
d0854,854,2023-04-10,265.09866,234.39441,299.82498,68.10315,0.06280453
d0855,855,2023-04-11,264.91544,234.06528,299.8317,67.98697,0.06316869
d0856,856,2023-04-12,265.98834,235.16286,300.85443,68.66731,0.062843956
d0857,857,2023-04-13,262.959,231.73625,298.38852,66.74637,0.0644889
d0858,858,2023-04-14,265.74728,234.81969,300.74826,68.51444,0.06312644
d0859,859,2023-04-17,265.99387,235.28465,300.7113,68.67082,0.06259043
d0860,860,2023-04-18,264.7237,233.5187,300.09863,67.86539,0.06399205
d0861,861,2023-04-19,265.57672,234.65309,300.57565,68.406296,0.06316102
d0862,862,2023-04-20,261.4571,229.53972,297.8126,65.793976,0.06642558
d0863,863,2023-04-21,264.60797,233.19603,300.25113,67.791985,0.0644744
d0864,864,2023-04-24,268.51242,237.60696,303.4377,70.26787,0.06238735
d0865,865,2023-04-25,262.71878,230.54247,299.3859,66.594025,0.06665769
d0866,866,2023-04-26,269.23904,238.11838,304.42703,70.72864,0.06266924
d0867,867,2023-04-27,267.35297,235.75117,303.19092,69.532646,0.06418003
d0868,868,2023-04-28,266.9199,235.43619,302.6137,69.25801,0.064034976
d0869,869,2023-05-01,264.46402,232.52623,300.78848,67.70071,0.065664336
d0870,870,2023-05-02,267.79285,236.00258,303.86542,69.811584,0.06447504
d0871,871,2023-05-03,265.63568,233.82301,301.77658,68.44368,0.06508227
d0872,872,2023-05-04,267.25266,235.71432,303.01077,69.469025,0.06406831
d0873,873,2023-05-05,266.95752,235.19394,303.01086,69.28189,0.06463218
d0874,874,2023-05-08,268.50867,236.76773,304.50482,70.265495,0.0641855
d0875,875,2023-05-09,266.31638,234.67538,302.22348,68.87533,0.0645315
d0876,876,2023-05-10,267.19046,235.31798,303.37988,69.4296,0.06480817
d0877,877,2023-05-11,268.57965,236.95155,304.4295,70.3105,0.063924454
d0878,878,2023-05-12,265.06964,232.51619,302.1807,68.08474,0.0668534
d0879,879,2023-05-15,268.36734,236.30057,304.78568,70.175865,0.064924516
d0880,880,2023-05-16,266.45947,234.22583,303.129,68.96606,0.06578386
d0881,881,2023-05-17,267.56644,235.18677,304.404,69.66799,0.06581012
d0882,882,2023-05-18,268.0279,235.54454,304.991,69.96062,0.065913826
d0883,883,2023-05-19,266.47098,233.66257,303.886,68.973366,0.06703431
d0884,884,2023-05-22,269.6861,237.51889,306.20972,71.012115,0.06480177
d0885,885,2023-05-23,266.78647,234.2766,303.80765,69.173416,0.066299036
d0886,886,2023-05-24,270.96066,238.94167,307.2703,71.82034,0.06416029
d0887,887,2023-05-25,269.34302,237.1127,305.95438,70.794556,0.065025605
d0888,888,2023-05-26,267.9544,235.34349,305.0842,69.91403,0.0662096
d0889,889,2023-05-29,271.094,238.49478,308.14908,71.904884,0.06536636
d0890,890,2023-05-30,268.43704,235.37184,306.1473,70.22008,0.06706627
d0891,891,2023-05-31,271.21338,238.52594,308.38028,71.9806,0.0655244
d0892,892,2023-06-01,272.09094,239.80684,308.72125,72.53706,0.06444006
d0893,893,2023-06-02,270.1069,237.26366,307.49646,71.27895,0.06614576
d0894,894,2023-06-05,272.271,239.39012,309.66806,72.65123,0.0656649
d0895,895,2023-06-06,268.69696,235.72928,306.27527,70.38489,0.06678578
d0896,896,2023-06-07,271.76178,239.04617,308.95477,72.32833,0.06544341
d0897,897,2023-06-08,268.8341,235.09338,307.41733,70.47186,0.068424344
d0898,898,2023-06-09,269.66412,236.3599,307.6611,70.99818,0.0672559
d0899,899,2023-06-12,273.13275,240.6204,310.03815,73.1977,0.0646619
d0900,900,2023-06-13,271.99448,239.238,309.2359,72.47588,0.06547079
d0901,901,2023-06-14,270.17734,236.78178,308.28296,71.32361,0.0673161
d0902,902,2023-06-15,274.28348,241.5084,311.50644,73.927376,0.064927466
d0903,903,2023-06-16,273.1295,240.75739,309.85434,73.195625,0.064365454
d0904,904,2023-06-19,269.64514,235.99335,308.09564,70.98615,0.0680119
d0905,905,2023-06-20,272.4172,239.21191,310.2317,72.74395,0.06631874
d0906,906,2023-06-21,273.88428,240.92546,311.35187,73.67424,0.06541735
d0907,907,2023-06-22,274.58017,241.4522,312.25342,74.115524,0.06559787
d0908,908,2023-06-23,270.65704,237.02538,309.06067,71.62781,0.067696504
d0909,909,2023-06-26,272.50018,238.80562,310.9489,72.79656,0.067341514
d0910,910,2023-06-27,270.46677,236.21199,309.68903,71.50714,0.06909159
d0911,911,2023-06-28,271.70856,238.13326,310.01776,72.29459,0.067295685
d0912,912,2023-06-29,271.17776,237.16779,310.06482,71.95799,0.06837081
d0913,913,2023-06-30,274.28925,240.68352,312.58725,73.93104,0.06668387
d0914,914,2023-07-03,271.34464,237.27795,310.3024,72.06381,0.06844771
d0915,915,2023-07-04,274.77362,241.2426,312.96518,74.23819,0.066400215
d0916,916,2023-07-05,276.91592,244.07452,314.17624,75.59666,0.06440827
d0917,917,2023-07-06,271.35037,236.99571,310.68506,72.06745,0.06906573
d0918,918,2023-07-07,276.27924,242.80745,314.3652,75.19293,0.06588943
d0919,919,2023-07-10,276.04675,242.4095,314.35156,75.0455,0.06629681
d0920,920,2023-07-11,273.47498,239.27586,312.5621,73.4147,0.06815974
d0921,921,2023-07-12,276.3042,242.72939,314.52316,75.208755,0.0660996
d0922,922,2023-07-13,274.57382,240.53665,313.42737,74.11149,0.06752427
d0923,923,2023-07-14,275.93817,241.89803,314.7685,74.97666,0.06717378
d0924,924,2023-07-17,277.1389,243.11824,315.9202,75.73804,0.06682187
d0925,925,2023-07-18,272.85022,238.48375,312.1691,73.01854,0.06868463
d0926,926,2023-07-19,277.34247,243.20682,316.26923,75.86713,0.06701064
d0927,927,2023-07-20,273.87753,239.34486,313.39252,73.66996,0.068763
d0928,928,2023-07-21,277.8249,243.59381,316.8663,76.17304,0.06708616
d0929,929,2023-07-24,275.59262,241.53156,314.4571,74.75753,0.06730803
d0930,930,2023-07-25,274.85254,240.24303,314.44794,74.28824,0.068665154
d0931,931,2023-07-26,277.03665,242.89272,315.98032,75.673225,0.067107156
d0932,932,2023-07-27,273.71756,238.58806,314.01944,73.56852,0.070080705
d0933,933,2023-07-28,276.8991,242.22607,316.5354,75.586,0.06825601
d0934,934,2023-07-31,276.78088,242.00075,316.5596,75.511024,0.06851295
d0935,935,2023-08-01,276.1298,241.53064,315.68533,75.09816,0.068303436
d0936,936,2023-08-02,278.99997,244.10121,318.8882,76.91818,0.06817797
d0937,937,2023-08-03,273.35544,237.91745,314.07196,73.33889,0.070841394
d0938,938,2023-08-04,278.3427,243.72366,317.87912,76.5014,0.06776433
d0939,939,2023-08-07,276.81302,241.69872,317.02878,75.5314,0.0692093
d0940,940,2023-08-08,275.27005,239.73727,316.06934,74.552986,0.07051483
d0941,941,2023-08-09,276.8373,241.7334,317.0389,75.5468,0.06918086
d0942,942,2023-08-10,280.13818,245.61478,319.51422,77.63994,0.06710138
d0943,943,2023-08-11,279.49078,244.26634,319.79483,77.229416,0.06872968
d0944,944,2023-08-14,280.192,245.62302,319.62625,77.674065,0.067182295
d0945,945,2023-08-15,280.24075,245.33394,320.11426,77.70499,0.06787187
d0946,946,2023-08-16,277.52637,241.94519,318.34024,75.98375,0.07000245
d0947,947,2023-08-17,274.80023,239.13152,315.78928,74.25506,0.070934035
d0948,948,2023-08-18,278.70685,243.18718,319.41455,76.732315,0.06955571
d0949,949,2023-08-21,280.38373,245.39859,320.35648,77.79564,0.06799758
d0950,950,2023-08-22,277.57236,242.55804,317.64117,76.01291,0.06879626
d0951,951,2023-08-23,280.3779,245.14804,320.6706,77.791954,0.06850819
d0952,952,2023-08-24,277.66116,241.6158,319.08395,76.06922,0.07094523
d0953,953,2023-08-25,282.12183,246.7201,322.60333,78.8978,0.068410434
d0954,954,2023-08-28,278.8472,242.9296,320.07532,76.82131,0.070353225
d0955,955,2023-08-29,281.60654,246.08467,322.25592,78.571045,0.06879345
d0956,956,2023-08-30,276.5603,240.24532,318.36456,75.371155,0.07182054
d0957,957,2023-08-31,278.7039,242.66095,320.10043,76.73044,0.07065548
d0958,958,2023-09-01,279.13208,243.44325,320.05295,77.00195,0.06979658
d0959,959,2023-09-04,283.58658,248.10074,324.14792,79.82663,0.06820539
d0960,960,2023-09-05,280.87256,244.94173,322.0742,78.10563,0.069837146
d0961,961,2023-09-06,279.27686,242.93428,321.0562,77.09376,0.071128905
d0962,962,2023-09-07,284.48547,249.42699,324.47165,80.396614,0.06709994
d0963,963,2023-09-08,280.4792,244.50436,321.74713,77.85617,0.07003386
d0964,964,2023-09-11,279.00412,242.45045,321.06888,76.92081,0.07164753
d0965,965,2023-09-12,282.66766,246.85693,323.67337,79.243935,0.069113754
d0966,966,2023-09-13,282.69623,246.7144,323.92575,79.26203,0.06945994
d0967,967,2023-09-14,282.23758,246.08679,323.69894,78.97119,0.069931015
d0968,968,2023-09-15,281.4783,244.78284,323.6748,78.48973,0.07126734
d0969,969,2023-09-18,281.85785,245.6552,323.39578,78.730415,0.070139766
d0970,970,2023-09-19,280.88242,244.27744,322.97266,78.11188,0.071240574
d0971,971,2023-09-20,283.84018,247.91963,324.96524,79.98744,0.06903406
d0972,972,2023-09-21,281.85712,245.71048,323.32135,78.72995,0.070023656
d0973,973,2023-09-22,280.23508,243.48882,322.52692,77.70139,0.07171319
d0974,974,2023-09-25,283.87686,247.54265,325.54422,80.0107,0.06987634
d0975,975,2023-09-26,279.7049,242.52855,322.57986,77.36518,0.07276311
d0976,976,2023-09-27,281.3498,244.24074,324.09708,78.40824,0.07216546
d0977,977,2023-09-28,284.33133,247.97447,326.0187,80.29889,0.06980329
d0978,978,2023-09-29,285.75793,249.31615,327.52634,81.20352,0.06960375
d0979,979,2023-10-02,284.15823,247.8393,325.7994,80.18911,0.06977073
d0980,980,2023-10-03,283.45218,246.47758,325.97348,79.74141,0.07131246
d0981,981,2023-10-04,282.7585,245.54791,325.60806,79.30154,0.07199039
d0982,982,2023-10-05,281.56647,244.01825,324.89243,78.54564,0.07302322
d0983,983,2023-10-06,279.08646,241.20946,322.91125,76.97303,0.07441629
d0984,984,2023-10-09,283.18088,245.63454,326.4663,79.56937,0.07257193
d0985,985,2023-10-10,283.2003,246.10916,325.88144,79.581665,0.07162207
d0986,986,2023-10-11,284.76892,247.63867,327.4664,80.57637,0.07127926
d0987,987,2023-10-12,286.00748,248.41144,329.29352,81.36175,0.07190383
d0988,988,2023-10-13,282.5259,245.43973,325.21582,79.15404,0.0717953
d0989,989,2023-10-16,286.7641,250.09927,328.804,81.84153,0.069796875
d0990,990,2023-10-17,284.3566,247.0553,327.28973,80.314896,0.071743265
d0991,991,2023-10-18,281.5106,243.34755,325.65845,78.5102,0.07432614
d0992,992,2023-10-19,282.66568,244.41283,326.90543,79.24266,0.0741868
d0993,993,2023-10-20,283.38748,245.40007,327.25525,79.70038,0.07343127
d0994,994,2023-10-23,284.2859,246.26093,328.18225,80.270065,0.073259555
d0995,995,2023-10-24,288.0422,250.75813,330.86987,82.65201,0.070723556
d0996,996,2023-10-25,286.4228,248.98921,329.48422,81.62511,0.07145889
d0997,997,2023-10-26,289.51746,252.43275,332.05023,83.58748,0.06993402
d0998,998,2023-10-27,282.40677,243.61884,327.37036,79.0785,0.07537944
d0999,999,2023-10-30,284.95242,246.73732,329.08636,80.69272,0.073468365
d1000,1000,2023-10-31,289.3483,251.9767,332.2626,83.480225,0.0705584
d1001,1001,2023-11-01,286.82904,249.22878,330.102,81.88273,0.07169147
d1002,1002,2023-11-02,282.757,244.1548,327.4624,79.30057,0.074890524
d1003,1003,2023-11-03,290.1101,252.58376,333.21182,83.96329,0.070672326
d1004,1004,2023-11-06,290.03616,252.25706,333.47324,83.916405,0.071202524
d1005,1005,2023-11-07,289.6916,252.03906,332.96915,83.69791,0.07103719
d1006,1006,2023-11-08,286.8768,248.39268,331.3234,81.91301,0.073490776
d1007,1007,2023-11-09,284.56097,245.4273,329.93454,80.4445,0.07548298
d1008,1008,2023-11-10,287.54767,248.98557,332.08218,82.33842,0.07346621
d1009,1009,2023-11-13,288.10992,249.98407,332.05038,82.69495,0.07242076
d1010,1010,2023-11-14,290.41357,252.28955,334.29865,84.15572,0.071800336
d1011,1011,2023-11-15,286.04395,247.02861,331.2213,81.38487,0.07481698
d1012,1012,2023-11-16,286.43076,247.64249,331.29446,81.63016,0.07424017
d1013,1013,2023-11-17,290.94962,252.69946,334.98953,84.495636,0.07191284
d1014,1014,2023-11-20,286.61676,247.73705,331.5983,81.748116,0.07437663
d1015,1015,2023-11-21,289.69864,251.17911,334.1253,83.70238,0.07279333
d1016,1016,2023-11-22,291.27557,252.81404,335.58838,84.702324,0.072252825
d1017,1017,2023-11-23,289.55478,250.80357,334.2934,83.61115,0.0733033
d1018,1018,2023-11-24,291.20422,252.48357,335.863,84.65708,0.0727952
d1019,1019,2023-11-27,288.84314,249.96367,333.76993,83.15989,0.07375925
d1020,1020,2023-11-28,291.4332,252.58463,336.2568,84.802284,0.07299208
d1021,1021,2023-11-29,286.92453,247.58755,332.51144,81.943275,0.07523213
d1022,1022,2023-11-30,291.6173,252.63986,336.60822,84.91904,0.07320268
d1023,1023,2023-12-01,291.71664,253.14688,336.16293,84.98201,0.07235358
d1024,1024,2023-12-04,292.51346,253.60364,337.39307,85.4873,0.07282549
d1025,1025,2023-12-05,292.38635,253.30904,337.492,85.4067,0.0731968
d1026,1026,2023-12-06,286.49234,246.3183,333.21872,81.66921,0.077085294
d1027,1027,2023-12-07,287.62393,247.70656,333.974,82.38678,0.07622918
d1028,1028,2023-12-08,287.66455,247.704,334.07166,82.41253,0.07630636
d1029,1029,2023-12-11,287.5323,247.16187,334.49667,82.32865,0.07718966
d1030,1030,2023-12-12,287.49072,246.9581,334.6759,82.30231,0.077536695
d1031,1031,2023-12-13,294.40097,255.48744,339.24155,86.684204,0.07233139
d1032,1032,2023-12-14,289.44025,249.46794,335.81735,83.53853,0.07582576
d1033,1033,2023-12-15,294.97165,256.15195,339.6744,87.04607,0.07199404
d1034,1034,2023-12-18,291.91742,252.14684,337.96094,85.109344,0.07472417
d1035,1035,2023-12-19,292.64655,252.76517,338.8204,85.57169,0.07474725
d1036,1036,2023-12-20,292.4179,252.62184,338.4832,85.4267,0.074637935
d1037,1037,2023-12-21,293.4528,253.87933,339.19476,86.08293,0.07390698
d1038,1038,2023-12-22,288.40204,247.55028,335.9954,82.88019,0.07792951
d1039,1039,2023-12-25,289.68533,249.49931,336.34402,83.69393,0.076193474
d1040,1040,2023-12-26,295.5558,255.7822,341.5141,87.41648,0.0737405
d1041,1041,2023-12-27,293.04636,252.84386,339.64105,85.8252,0.07528499
d1042,1042,2023-12-28,297.09756,257.75845,342.4406,88.39415,0.07246816
d1043,1043,2023-12-29,291.91888,251.06012,339.42712,85.11026,0.07693033
d1044,1044,2024-01-01,292.92313,252.51784,339.7936,85.74706,0.07572868
d1045,1045,2024-01-02,290.29868,249.62592,337.59845,84.08286,0.07701369
d1046,1046,2024-01-03,296.13516,256.27237,342.19843,87.783875,0.07376275
d1047,1047,2024-01-04,292.4208,251.69855,339.73157,85.428535,0.0765111
d1048,1048,2024-01-05,292.85443,252.33035,339.8867,85.70351,0.07598804
d1049,1049,2024-01-08,290.70944,249.58812,338.60574,84.34335,0.07781237
d1050,1050,2024-01-09,298.05188,257.99533,344.3276,88.9993,0.073635705
d1051,1051,2024-01-10,298.08502,257.9474,344.46826,89.02031,0.07378732
d1052,1052,2024-01-11,292.3868,251.14806,340.397,85.407,0.07756888
d1053,1053,2024-01-12,296.73856,255.88026,344.12097,88.1665,0.07558258
d1054,1054,2024-01-15,295.4692,254.58432,342.91998,87.36157,0.075986
d1055,1055,2024-01-16,294.10175,252.65489,342.34775,86.494446,0.07750064
d1056,1056,2024-01-17,296.26462,255.37938,343.6954,87.86596,0.07576671
d1057,1057,2024-01-18,295.66528,254.53342,343.44397,87.48592,0.076426476
d1058,1058,2024-01-19,298.67007,257.98932,345.76556,89.391304,0.07470478
d1059,1059,2024-01-22,293.97488,252.25749,342.59137,86.41402,0.07808368
d1060,1060,2024-01-23,294.39157,252.63416,343.051,86.678246,0.07804506
d1061,1061,2024-01-24,296.10092,254.65993,344.28564,87.76216,0.07692415
d1062,1062,2024-01-25,295.2129,253.61491,343.63385,87.19906,0.07748969
d1063,1063,2024-01-26,297.9589,256.83038,345.6736,88.94032,0.07578546
d1064,1064,2024-01-29,297.77756,256.41043,345.81842,88.82533,0.07630978
d1065,1065,2024-01-30,295.48605,253.3178,344.67383,87.37227,0.07855962
d1066,1066,2024-01-31,296.54486,254.69437,345.27213,88.04366,0.07761954
d1067,1067,2024-02-01,298.94635,257.45038,347.13068,89.56648,0.07624342
d1068,1068,2024-02-02,298.58817,257.27798,346.53134,89.339355,0.0759735
d1069,1069,2024-02-05,298.78308,257.20703,347.07965,89.46296,0.07644718
d1070,1070,2024-02-06,297.33145,255.94633,345.4083,88.542465,0.07646922
d1071,1071,2024-02-07,297.16223,255.02222,346.26553,88.43515,0.07802428
d1072,1072,2024-02-08,294.01694,251.7793,343.3402,86.44068,0.079124734
d1073,1073,2024-02-09,300.9112,259.0525,349.53354,90.81242,0.07642063
d1074,1074,2024-02-12,294.45865,251.74489,344.41962,86.720764,0.07996034
d1075,1075,2024-02-13,297.24615,254.92694,346.59055,88.488365,0.07835895
d1076,1076,2024-02-14,301.93768,260.55298,349.89566,91.46334,0.07521139
d1077,1077,2024-02-15,299.60693,257.5562,348.52313,89.98538,0.07715986
d1078,1078,2024-02-16,299.23352,256.762,348.73038,89.74859,0.078099355
d1079,1079,2024-02-19,296.6243,253.94104,346.48187,88.09404,0.07926742
d1080,1080,2024-02-20,302.19855,260.06805,351.15408,91.62875,0.07660249
d1081,1081,2024-02-21,296.14395,253.32309,346.20303,87.78945,0.07968359
d1082,1082,2024-02-22,295.3849,252.2413,345.90778,87.308105,0.08055763
d1083,1083,2024-02-23,299.85342,257.29514,349.45114,90.14168,0.07809692
d1084,1084,2024-02-26,298.8802,255.73322,349.30695,89.52454,0.079544954
d1085,1085,2024-02-27,298.71344,256.0698,348.45856,89.41881,0.078589074
d1086,1086,2024-02-28,300.3864,257.93658,349.8224,90.47966,0.0777326
d1087,1087,2024-02-29,303.27698,260.9056,352.52948,92.31261,0.07677946
d1088,1088,2024-03-01,301.31854,258.84845,350.75677,91.07073,0.07751283
d1089,1089,2024-03-04,302.9706,260.34003,352.58194,92.11833,0.07737103
d1090,1090,2024-03-05,301.42798,258.9957,350.8121,91.14014,0.07740798
d1091,1091,2024-03-06,303.31918,260.9341,352.58905,92.33937,0.07679466
d1092,1092,2024-03-07,302.3208,259.40442,352.3373,91.70629,0.07811242
d1093,1093,2024-03-08,303.49338,260.89868,353.04214,92.44983,0.07715697
d1094,1094,2024-03-11,300.22757,256.751,351.0662,90.37894,0.07981326
d1095,1095,2024-03-12,300.44733,257.01382,351.2208,90.51828,0.07966459
d1096,1096,2024-03-13,299.58383,255.87231,350.76273,89.97073,0.080467224
d1097,1097,2024-03-14,300.41397,256.94003,351.24362,90.49712,0.079754405
d1098,1098,2024-03-15,304.00708,260.6574,354.5662,92.77557,0.07849189
d1099,1099,2024-03-18,298.4135,254.26651,350.22552,89.22861,0.08168218
d1100,1100,2024-03-19,301.67978,257.94452,352.83047,91.2998,0.07990897
d1101,1101,2024-03-20,297.001,252.54514,349.2826,88.332924,0.08272738
d1102,1102,2024-03-21,302.9559,259.44104,353.7693,92.109,0.07911112
d1103,1103,2024-03-22,307.27078,264.94498,356.35828,94.84514,0.075615905
d1104,1104,2024-03-25,306.3869,263.03635,356.88205,94.28467,0.077834986
d1105,1105,2024-03-26,306.0841,262.7079,356.62225,94.09265,0.07796796
d1106,1106,2024-03-27,304.4782,260.9242,355.30234,93.07433,0.07875998
d1107,1107,2024-03-28,300.6076,256.64197,352.10507,90.61992,0.08067541
d1108,1108,2024-03-29,300.0348,254.89977,353.16187,90.25669,0.08317757
d1109,1109,2024-04-01,302.7729,258.30542,354.8954,91.99295,0.0810409
d1110,1110,2024-04-02,302.91824,258.75595,354.61774,92.08514,0.080396675
d1111,1111,2024-04-03,304.40265,260.23962,356.06015,93.02642,0.07997363
d1112,1112,2024-04-04,301.1918,256.42773,353.7702,90.990364,0.082092024
d1113,1113,2024-04-05,304.7445,260.43292,356.59555,93.243195,0.080167584
d1114,1114,2024-04-08,303.58902,259.2984,355.44485,92.51048,0.08045675
d1115,1115,2024-04-09,301.8209,257.02054,354.43024,91.38929,0.08197846
d1116,1116,2024-04-10,306.00027,261.88132,357.55197,94.0395,0.079436034
d1117,1117,2024-04-11,307.78168,263.46008,359.55948,95.16911,0.07933105
d1118,1118,2024-04-12,303.35565,258.2827,356.2942,92.36249,0.08206683
d1119,1119,2024-04-15,304.89178,259.6663,357.99417,93.33658,0.08191821
d1120,1120,2024-04-16,305.07767,259.84158,358.18896,93.45445,0.08188482
d1121,1121,2024-04-17,302.88193,257.69598,355.99103,92.0621,0.08242985
d1122,1122,2024-04-18,303.92523,259.1162,356.48315,92.72368,0.08138016
d1123,1123,2024-04-19,302.95792,257.20197,356.85382,92.11029,0.08353688
d1124,1124,2024-04-22,304.93973,259.69897,358.06158,93.36698,0.08193414
d1125,1125,2024-04-23,303.37665,257.71545,357.12787,92.3758,0.083223924
d1126,1126,2024-04-24,306.55334,261.54486,359.30725,94.3902,0.08101328
d1127,1127,2024-04-25,309.8877,265.51016,361.68253,96.50457,0.07885553
d1128,1128,2024-04-26,308.991,264.19742,361.37918,95.93597,0.0799059
d1129,1129,2024-04-29,306.03152,260.8961,358.9755,94.05931,0.08141121
d1130,1130,2024-04-30,305.43137,259.91156,358.92328,93.678734,0.08233859
d1131,1131,2024-05-01,306.72543,260.96677,360.50754,94.49933,0.0824285
d1132,1132,2024-05-02,304.44348,258.20105,358.96768,93.052315,0.08405453
d1133,1133,2024-05-03,307.5912,262.05576,361.039,95.04831,0.08174204
d1134,1134,2024-05-06,311.39648,266.2372,364.21567,97.4613,0.07993841
d1135,1135,2024-05-07,305.02576,259.56308,358.45123,93.42153,0.08234513
d1136,1136,2024-05-08,306.23297,260.41086,360.118,94.18704,0.08269672
d1137,1137,2024-05-09,310.94144,265.14386,364.64948,97.17276,0.081291825
d1138,1138,2024-05-10,310.6639,264.885,364.35452,96.99678,0.08133455
d1139,1139,2024-05-13,306.49152,260.48502,360.6237,94.351006,0.082982056
d1140,1140,2024-05-14,308.92584,263.12042,362.70532,95.894646,0.08188237
d1141,1141,2024-05-15,311.81287,266.12268,365.34753,97.72536,0.08083968
d1142,1142,2024-05-16,309.25552,263.3056,363.2242,96.10371,0.082067564
d1143,1143,2024-05-17,313.4177,268.0094,366.5194,98.74299,0.07985444
d1144,1144,2024-05-20,307.49854,261.1643,362.0531,94.98956,0.083326824
d1145,1145,2024-05-21,311.8697,266.2356,365.32568,97.76138,0.08071624
d1146,1146,2024-05-22,307.28036,260.92413,361.87228,94.85122,0.08343409
d1147,1147,2024-05-23,311.8375,265.4303,366.35843,97.740974,0.08220911
d1148,1148,2024-05-24,314.54034,269.01797,367.7659,99.454895,0.07976235
d1149,1149,2024-05-27,312.40775,266.00067,366.9111,98.10257,0.08204609
d1150,1150,2024-05-28,313.08408,266.7727,367.43497,98.53143,0.08167074
d1151,1151,2024-05-29,313.1514,266.77155,367.59464,98.57413,0.08178267
d1152,1152,2024-05-30,307.30682,260.31805,362.77737,94.868004,0.08466457
d1153,1153,2024-05-31,309.33896,261.95352,365.29602,96.1566,0.08483189
d1154,1154,2024-06-03,307.6596,260.38602,363.51575,95.0917,0.08511664
d1155,1155,2024-06-04,312.1334,265.02863,367.61026,97.9286,0.08346566
d1156,1156,2024-06-05,311.58322,264.91852,366.4678,97.57973,0.08277766
d1157,1157,2024-06-06,314.83337,268.65317,368.95178,99.6407,0.0809298
d1158,1158,2024-06-07,314.22772,267.85992,368.62204,99.256645,0.08145601
d1159,1159,2024-06-10,311.36584,264.18307,366.9754,97.44188,0.0838399
d1160,1160,2024-06-11,313.46466,266.75772,368.34955,98.77277,0.08231923
d1161,1161,2024-06-12,310.89288,264.04337,366.055,97.14198,0.08333426
d1162,1162,2024-06-13,308.75885,260.5664,365.86462,95.78874,0.08658307
d1163,1163,2024-06-14,308.52094,260.66632,365.16095,95.63788,0.085994124
d1164,1164,2024-06-17,309.29782,261.34067,366.05536,96.13052,0.085959144
d1165,1165,2024-06-18,309.8341,262.62085,365.5352,96.47058,0.084349774
d1166,1166,2024-06-19,314.7077,267.58084,370.13464,99.56101,0.08276659
d1167,1167,2024-06-20,312.04492,264.5719,368.03613,97.8725,0.084201016
d1168,1168,2024-06-21,319.14697,272.41852,373.89087,102.37601,0.08077152
d1169,1169,2024-06-24,311.20923,263.04926,368.18646,97.34256,0.085777566
d1170,1170,2024-06-25,311.3419,263.79318,367.46133,97.4267,0.084554225
d1171,1171,2024-06-26,310.70935,263.0497,367.00412,97.0256,0.08495663
d1172,1172,2024-06-27,316.77914,269.27243,372.6673,100.87454,0.0828986
d1173,1173,2024-06-28,313.16702,264.85852,370.28674,98.584045,0.08548005
d1174,1174,2024-07-01,310.30997,261.92117,367.63837,96.77234,0.086493894
d1175,1175,2024-07-02,312.71793,264.37576,369.89963,98.299255,0.085678615
d1176,1176,2024-07-03,316.37634,268.19543,373.21283,100.619125,0.08429407
d1177,1177,2024-07-04,313.795,265.49097,370.8877,98.98226,0.0852853
d1178,1178,2024-07-05,314.0336,265.3233,371.68646,99.13354,0.0859953
d1179,1179,2024-07-08,317.2982,269.36584,373.75983,101.20368,0.083556876
d1180,1180,2024-07-09,314.08694,265.7606,371.20102,99.16738,0.085241824
d1181,1181,2024-07-10,319.4669,272.03076,375.17474,102.57888,0.08200935
d1182,1182,2024-07-11,314.28018,265.61514,371.86145,99.28992,0.085834935
d1183,1183,2024-07-12,316.59882,268.3433,373.5321,100.7602,0.08437162
d1184,1184,2024-07-15,319.1397,271.16666,375.59988,102.37141,0.0831099
d1185,1185,2024-07-16,315.9169,267.83383,372.63208,100.327774,0.08424099
d1186,1186,2024-07-17,319.07443,270.43567,376.461,102.33002,0.0843827
d1187,1187,2024-07-18,319.1918,270.9417,376.03436,102.40445,0.08361653
d1188,1188,2024-07-19,318.18384,269.9594,375.02283,101.765274,0.083855934
d1189,1189,2024-07-22,320.31305,272.19046,376.94354,103.11544,0.08305953
d1190,1190,2024-07-23,316.02866,266.9781,374.09103,100.398636,0.08605424
d1191,1191,2024-07-24,315.44028,266.77164,372.9878,100.025536,0.0854981
d1192,1192,2024-07-25,315.66492,266.21478,374.30054,100.16799,0.08692743
d1193,1193,2024-07-26,316.1708,267.05142,374.32477,100.488785,0.08614348
d1194,1194,2024-07-29,319.0007,270.0653,376.80316,102.283264,0.08496406
d1195,1195,2024-07-30,321.6852,272.88605,379.21088,103.98555,0.0839383
d1196,1196,2024-07-31,315.69977,266.5562,373.9036,100.190094,0.0863298
d1197,1197,2024-08-01,317.60358,268.4118,375.81073,101.39732,0.08585799
d1198,1198,2024-08-02,321.64133,272.92935,379.0474,103.957726,0.08378783
d1199,1199,2024-08-05,322.6581,274.19437,379.68784,104.60248,0.08303882
d1200,1200,2024-08-06,315.6045,266.53464,373.70822,100.12968,0.08621711
d1201,1201,2024-08-07,323.4439,274.85162,380.62708,105.10078,0.083058335
d1202,1202,2024-08-08,315.97632,266.28162,374.94522,100.36545,0.08730243
d1203,1203,2024-08-09,320.1787,270.26678,379.30807,103.03025,0.086464085
d1204,1204,2024-08-12,315.0793,264.95056,374.6924,99.79665,0.088408716
d1205,1205,2024-08-13,320.311,270.7537,378.93896,103.11415,0.08575652
d1206,1206,2024-08-14,323.3282,274.2192,381.23196,105.02739,0.08405109
d1207,1207,2024-08-15,326.01602,277.3964,383.15732,106.7318,0.08239745
d1208,1208,2024-08-16,317.05588,266.71463,376.89883,101.05002,0.088213645
d1209,1209,2024-08-19,323.17758,273.78378,381.48254,104.93188,0.08462409
d1210,1210,2024-08-20,324.08658,274.4253,382.7348,105.5083,0.084863074
d1211,1211,2024-08-21,317.0165,266.65738,376.88617,101.025055,0.088259846
d1212,1212,2024-08-22,316.57367,266.56876,375.95883,100.74425,0.08771617
d1213,1213,2024-08-23,319.9367,269.28314,380.11853,102.87681,0.08793865
d1214,1214,2024-08-26,318.54138,268.04608,378.5492,101.99201,0.08805793
d1215,1215,2024-08-27,323.3891,273.77643,381.9924,105.06601,0.08497168
d1216,1216,2024-08-28,317.30075,266.8849,377.2404,101.2053,0.08828193
d1217,1217,2024-08-29,316.5476,265.72046,377.0971,100.72772,0.08930046
d1218,1218,2024-08-30,324.5382,274.20993,384.1037,105.79469,0.08597409
d1219,1219,2024-09-02,321.51666,270.7986,381.73367,103.87866,0.08758869
d1220,1220,2024-09-03,323.3679,273.67108,382.08923,105.05257,0.08513449
d1221,1221,2024-09-04,317.75668,266.4824,378.8967,101.49441,0.089784525
d1222,1222,2024-09-05,318.62418,267.57,379.41992,102.04451,0.08909751
d1223,1223,2024-09-06,325.9814,276.1923,384.74597,106.70984,0.084562756
d1224,1224,2024-09-09,323.08188,272.36563,383.24188,104.8712,0.08712269
d1225,1225,2024-09-10,317.7065,266.15582,379.2418,101.4626,0.090329625
d1226,1226,2024-09-11,319.0945,267.57642,380.53168,102.34275,0.0898378
d1227,1227,2024-09-12,321.772,270.5813,382.6474,104.040596,0.08840341
d1228,1228,2024-09-13,323.35626,272.19583,384.13257,105.0452,0.08787395
d1229,1229,2024-09-16,327.37823,276.5725,387.51688,107.59559,0.08604244
d1230,1230,2024-09-17,320.82794,269.3692,382.1171,103.441956,0.08919495
d1231,1231,2024-09-18,328.3264,277.716,388.15988,108.19683,0.08541285
d1232,1232,2024-09-19,318.66495,266.24622,381.4039,102.07036,0.09169325
d1233,1233,2024-09-20,321.24835,270.22894,381.90018,103.70853,0.088237174
d1234,1234,2024-09-23,320.74982,268.71243,382.86456,103.39241,0.090316206
d1235,1235,2024-09-24,328.6969,277.5816,389.22482,108.43177,0.086235225
d1236,1236,2024-09-25,327.66888,276.3701,388.48947,107.779884,0.0868687
d1237,1237,2024-09-26,325.9164,274.6722,386.72095,106.66862,0.087276734
d1238,1238,2024-09-27,324.37323,272.3841,386.28543,105.69007,0.089123316
d1239,1239,2024-09-30,326.9237,275.89603,387.38904,107.307365,0.086582966
d1240,1240,2024-10-01,327.55338,275.73044,389.11627,107.70664,0.08787105
d1241,1241,2024-10-02,327.65585,275.73935,389.34726,107.77164,0.08801416
d1242,1242,2024-10-03,326.89005,275.23334,388.24188,107.286026,0.08775746
d1243,1243,2024-10-04,326.91904,275.31534,388.19507,107.304405,0.087650724
d1244,1244,2024-10-07,329.18872,277.99927,389.80396,108.743645,0.08623094
d1245,1245,2024-10-08,321.10605,268.0597,384.64975,103.618286,0.09212331
d1246,1246,2024-10-09,326.42154,274.0326,388.82605,106.98893,0.08925636
d1247,1247,2024-10-10,324.15457,271.44177,387.10397,105.55141,0.09054736
d1248,1248,2024-10-11,329.51508,277.62115,391.10922,108.95059,0.08743099
d1249,1249,2024-10-14,328.71844,276.63242,390.6115,108.44543,0.08801629
d1250,1250,2024-10-15,326.97397,274.46527,389.52817,107.33924,0.08931411
d1251,1251,2024-10-16,323.6476,271.22864,386.19736,105.22995,0.09014955
d1252,1252,2024-10-17,329.65616,277.7598,391.2488,109.04005,0.08739461
d1253,1253,2024-10-18,327.9065,275.76324,389.90933,107.930565,0.088360034
d1254,1254,2024-10-21,326.0399,272.9252,389.4912,106.74691,0.0907254
d1255,1255,2024-10-22,330.3583,277.63962,393.08728,109.48529,0.08870094
d1256,1256,2024-10-23,326.84448,273.88745,390.04086,107.257126,0.090187296
d1257,1257,2024-10-24,323.78986,270.45126,387.64786,105.320145,0.091838114
d1258,1258,2024-10-25,326.05457,273.2134,389.11545,106.75623,0.09020989
d1259,1259,2024-10-28,327.95383,275.1065,390.95297,107.96058,0.08965023
d1260,1260,2024-10-29,324.4335,270.86594,388.59482,105.728294,0.09206967
